cond,n_asr,d_hubert,d_mel,fad,mean_rel,worst_rel,mms-1b-all,qwen3-asr-1.7b,whisper-base,whisper-ft,whisper-large-v3-turbo,whisper-medium,whisper-small,xlsr-korean,zipformer-ko
avg_ce0.0_ce10.0,3,0.1505,1.2719,711.5155,-6.4584,-2.843,0.3323,nan,nan,nan,nan,nan,0.2037,0.2153,nan
avg_taps_ce0.0,6,0.1287,1.0982,451.1561,-2.8474,-1.458,0.3447,nan,0.2685,0.1389,nan,0.1881,0.2219,0.2181,nan
avg_taps_ce10.0,6,0.1467,1.2604,646.8918,-10.2597,-3.8809,0.3284,nan,0.2494,0.1203,nan,0.1731,0.2001,0.213,nan
avg_taps_demucs,6,0.1751,1.6053,1099.4466,10.4469,24.6841,0.3759,nan,0.3034,0.1615,nan,0.2027,0.2449,0.2763,nan
avg_taps_tstnn,6,0.1739,1.6095,1177.9997,9.3884,27.1209,0.3771,nan,0.3021,0.1526,nan,0.2012,0.242,0.2817,nan
ce0.0,9,0.1348,1.095,546.7057,2.8439,5.1273,0.3578,0.1399,0.2832,0.1486,0.1713,0.2007,0.2353,0.2306,0.57
ce0.1,9,0.1409,1.1606,723.5545,-1.4474,6.363,0.3556,0.132,0.2698,0.1359,0.1586,0.1897,0.2188,0.2336,0.5767
ce0.5,9,0.166,1.2633,1291.4931,-2.7131,18.7938,0.3628,0.1185,0.2733,0.1268,0.1481,0.1787,0.2128,0.2514,0.6441
ce1.0,9,0.1741,1.3108,1360.6093,-3.1232,22.6986,0.3633,0.1173,0.2712,0.1274,0.1467,0.1763,0.2076,0.2719,0.6085
ce10.0,9,0.2023,1.6452,1602.0645,-2.8708,45.8502,0.3536,0.114,0.2667,0.1211,0.1415,0.1686,0.1956,0.2787,0.7908
ce2.0,9,0.1823,1.3796,1444.1569,-6.1674,20.4874,0.3501,0.1112,0.2639,0.1181,0.1404,0.169,0.2,0.267,0.6383
ce5.0,9,0.1947,1.5421,1481.3295,-4.3356,28.6795,0.3537,0.1139,0.27,0.1213,0.1424,0.1711,0.1982,0.2627,0.6977
demucs,6,0.152,1.1533,652.9621,12.7414,17.1683,0.381,nan,0.3051,0.1713,nan,0.2197,0.2543,0.2569,nan
distill_m4_med_dev,9,0.1293,1.1175,545.0394,-1.331,3.578,0.3469,0.1331,0.2716,0.1399,0.1637,0.1907,0.2231,0.2248,0.5616
distill_m4_med_dev_mag,9,0.1295,1.0892,538.3097,-2.2276,1.8443,0.3458,0.1299,0.2713,0.1386,0.1621,0.1901,0.2211,0.2236,0.5522
distill_m4_med_vbx,9,0.1378,1.1461,736.1529,0.9603,13.9616,0.3538,0.1328,0.2787,0.1401,0.1623,0.1923,0.2261,0.2371,0.6179
distill_m4_med_vbx_mag,9,0.1367,1.132,709.5269,0.7351,15.5478,0.3523,0.1339,0.2796,0.1368,0.1621,0.1911,0.2257,0.2352,0.6265
fm_scratch,3,0.2368,1.6345,1624.6568,118.233,139.9652,nan,nan,nan,nan,nan,nan,0.5512,0.5236,0.9939
fm_taps,9,0.0999,1.2272,95.3519,-20.539,-15.0086,0.2973,0.1035,0.2178,0.1104,0.137,0.1586,0.1796,0.1689,0.4507
fm_taps_avg4,4,0.0921,1.1828,119.165,-23.2888,-18.7536,0.2842,nan,nan,nan,nan,nan,0.1685,0.1613,0.4328
fm_taps_s1,4,0.0998,1.2273,94.5206,-19.1292,-15.323,0.2962,nan,nan,nan,nan,nan,0.1823,0.169,0.4525
fm_taps_s2,4,0.0999,1.227,95.0667,-19.3163,-15.5232,0.2955,nan,nan,nan,nan,nan,0.1813,0.1694,0.4508
m3_amp,6,0.1259,1.0476,500.2308,-7.1002,-1.8051,0.3356,nan,0.2574,0.1281,nan,0.1788,0.2078,0.2176,nan
m3_log,6,0.1257,1.0694,519.1083,-8.0462,-1.4892,0.335,nan,0.2558,0.1248,nan,0.1752,0.2057,0.2183,nan
m3_med,6,0.1257,1.056,490.7955,-6.6182,-1.444,0.3384,nan,0.2572,0.128,nan,0.1801,0.2106,0.2184,nan
m3_pow,6,0.1272,1.0479,492.4889,-6.062,-1.444,0.3382,nan,0.26,0.1303,nan,0.1807,0.2115,0.2184,nan
m3nd_amp,9,0.1265,1.0426,518.3778,-5.6758,1.4201,0.3397,0.1259,0.2596,0.1285,0.1547,0.1826,0.2128,0.2181,0.5499
m3nd_med,9,0.1263,1.0493,495.979,-4.6817,1.4939,0.3408,0.1267,0.2628,0.133,0.1574,0.1838,0.2159,0.2179,0.5503
m4_amp,9,0.1241,1.0352,485.3598,-7.6414,-2.8881,0.3353,0.1256,0.2554,0.1253,0.152,0.177,0.2073,0.2152,0.5261
m4_med,9,0.1242,1.0911,486.4465,-6.8379,3.7624,0.3373,0.1241,0.2549,0.1266,0.1513,0.1773,0.2097,0.2152,0.5626
mavg_taps_ce0.0,6,0.127,1.0561,453.7825,-3.1065,-1.1721,0.3457,nan,0.2649,0.1378,nan,0.1884,0.2216,0.2186,nan
mavg_taps_ce10.0,6,0.1436,1.2079,630.6589,-9.4908,-3.0686,0.3314,nan,0.2474,0.1214,nan,0.1762,0.2031,0.2148,nan
mavg_taps_demucs,6,0.1259,1.0584,421.238,-5.0561,-2.3466,0.3405,nan,0.2605,0.1338,nan,0.1836,0.2162,0.2164,nan
mavg_taps_tstnn,6,0.1296,1.0583,565.9463,-4.7338,0.9928,0.3422,nan,0.2645,0.1305,nan,0.1828,0.2153,0.2238,nan
no_se,0,0.312,3.3781,4614.3512,nan,nan,nan,nan,nan,nan,nan,nan,nan,nan,nan
p2_log,6,0.1252,1.0647,419.5688,-5.5907,-2.6173,0.3394,nan,0.2605,0.1322,nan,0.183,0.2135,0.2158,nan
p2_w25,6,0.1262,1.0532,433.6763,-4.6672,-2.3442,0.3416,nan,0.2605,0.1354,nan,0.1844,0.2176,0.2161,nan
p2_w50,6,0.1259,1.0584,421.2378,-5.0441,-2.3466,0.3406,nan,0.2606,0.1338,nan,0.1837,0.2161,0.2164,nan
p2_w50_phD,6,0.1345,1.0682,519.5855,-3.7924,1.3087,0.3462,nan,0.2633,0.1334,nan,0.1857,0.2177,0.2245,nan
p2_w75,6,0.1292,1.0874,415.0461,-1.3189,1.1733,0.3487,nan,0.2706,0.1417,nan,0.1908,0.2247,0.2242,nan
taps,9,0.1303,1.0748,449.7991,0.0,0.0,0.3498,0.1359,0.2725,0.1462,0.1697,0.1962,0.2297,0.2216,0.5422
tstnn,6,0.1924,1.2019,1708.5,26.5911,68.4116,0.431,nan,0.3459,0.1673,nan,0.2254,0.273,0.3732,nan
