metric,target,n_cond,rho,p
d_hubert,mean_rel,17,0.35,0.1678
d_hubert,worst_rel,17,0.922,0.0
d_hubert,mms-1b-all,40,0.755,0.0
d_hubert,qwen3-asr-1.7b,17,-0.199,0.445
d_hubert,whisper-base,36,0.653,0.0
d_hubert,whisper-ft,36,0.166,0.332
d_hubert,whisper-large-v3-turbo,17,-0.224,0.3866
d_hubert,whisper-medium,36,0.18,0.2937
d_hubert,whisper-small,41,0.368,0.0179
d_hubert,xlsr-korean,41,0.814,0.0
d_hubert,zipformer-ko,21,0.943,0.0
d_mel,mean_rel,17,0.027,0.9182
d_mel,worst_rel,17,0.811,0.0001
d_mel,mms-1b-all,40,0.306,0.0544
d_mel,qwen3-asr-1.7b,17,-0.554,0.021
d_mel,whisper-base,36,0.449,0.006
d_mel,whisper-ft,36,-0.032,0.8516
d_mel,whisper-large-v3-turbo,17,-0.576,0.0155
d_mel,whisper-medium,36,-0.032,0.8528
d_mel,whisper-small,41,-0.099,0.5367
d_mel,xlsr-korean,41,0.393,0.011
d_mel,zipformer-ko,21,0.532,0.013
fad,mean_rel,17,0.257,0.3187
fad,worst_rel,17,0.961,0.0
fad,mms-1b-all,40,0.675,0.0
fad,qwen3-asr-1.7b,17,-0.279,0.2774
fad,whisper-base,36,0.517,0.0012
fad,whisper-ft,36,-0.017,0.9222
fad,whisper-large-v3-turbo,17,-0.296,0.2495
fad,whisper-medium,36,0.023,0.8945
fad,whisper-small,41,0.258,0.1041
fad,xlsr-korean,41,0.794,0.0
fad,zipformer-ko,21,0.956,0.0
