utt,spk,frac_bins_invisible,frac_diff_energy_invisible
p00_u00,p00,0.0198,0.0
p00_u01,p00,0.0328,0.0
p00_u02,p00,0.0229,0.0
p00_u03,p00,0.029,0.0
p00_u04,p00,0.0347,0.0
p00_u05,p00,0.0328,0.0
p00_u06,p00,0.0237,0.0
p00_u07,p00,0.0178,0.0
p00_u08,p00,0.0135,0.0
p00_u09,p00,0.0119,0.0
p00_u10,p00,0.0211,0.0
p00_u11,p00,0.0096,0.0
p00_u12,p00,0.0246,0.0
p00_u13,p00,0.0189,0.0
p00_u14,p00,0.0176,0.0
p00_u15,p00,0.0339,0.0
p00_u16,p00,0.0299,0.0
p00_u17,p00,0.0146,0.0
p00_u18,p00,0.0255,0.0
p00_u19,p00,0.012,0.0
p00_u20,p00,0.0208,0.0
p00_u21,p00,0.0121,0.0
p00_u22,p00,0.0172,0.0
p00_u23,p00,0.0291,0.0
p00_u24,p00,0.0128,0.0
p00_u25,p00,0.0143,0.0
p00_u26,p00,0.0084,0.0
p00_u27,p00,0.0173,0.0
p00_u28,p00,0.0195,0.0
p00_u29,p00,0.0191,0.0
p00_u30,p00,0.0124,0.0
p00_u31,p00,0.0109,0.0
p00_u32,p00,0.0278,0.0
p00_u33,p00,0.0091,0.0
p00_u34,p00,0.0119,0.0
p00_u35,p00,0.0147,0.0
p00_u36,p00,0.01,0.0
p00_u37,p00,0.0187,0.0
p00_u38,p00,0.06,0.0
p00_u39,p00,0.0443,0.0
p00_u40,p00,0.0137,0.0
p00_u41,p00,0.0094,0.0
p00_u42,p00,0.0165,0.0
p00_u43,p00,0.0269,0.0
p00_u44,p00,0.0757,0.0
p00_u45,p00,0.02,0.0
p00_u46,p00,0.02,0.0
p00_u47,p00,0.0197,0.0
p00_u48,p00,0.0231,0.0
p00_u49,p00,0.0318,0.0
p00_u50,p00,0.0126,0.0
p00_u51,p00,0.0297,0.0
p00_u52,p00,0.0182,0.0
p00_u53,p00,0.0158,0.0
p00_u54,p00,0.0363,0.0
p00_u55,p00,0.015,0.0
p00_u56,p00,0.0132,0.0
p00_u57,p00,0.0168,0.0
p00_u58,p00,0.019,0.0
p00_u59,p00,0.0278,0.0
p00_u60,p00,0.0217,0.0
p00_u61,p00,0.0239,0.0
p00_u62,p00,0.0396,0.0
p00_u63,p00,0.0119,0.0
p00_u64,p00,0.0246,0.0
p00_u65,p00,0.0205,0.0
p00_u66,p00,0.0199,0.0
p00_u67,p00,0.0203,0.0
p00_u68,p00,0.0173,0.0
p00_u69,p00,0.0639,0.0
p00_u70,p00,0.016,0.0
p00_u71,p00,0.01,0.0
p00_u72,p00,0.0526,0.0
p00_u73,p00,0.0092,0.0
p00_u74,p00,0.0139,0.0
p00_u75,p00,0.0136,0.0
p00_u76,p00,0.0157,0.0
p00_u77,p00,0.0213,0.0
p00_u78,p00,0.019,0.0
p00_u79,p00,0.0151,0.0
p00_u80,p00,0.0134,0.0
p00_u81,p00,0.0165,0.0
p00_u82,p00,0.0203,0.0
p00_u83,p00,0.0206,0.0
p00_u84,p00,0.0137,0.0
p00_u85,p00,0.0153,0.0
p00_u86,p00,0.0124,0.0
p00_u87,p00,0.0142,0.0
p00_u88,p00,0.0067,0.0
p00_u89,p00,0.0112,0.0
p00_u90,p00,0.0147,0.0
p00_u91,p00,0.0158,0.0
p00_u92,p00,0.0122,0.0
p00_u93,p00,0.0148,0.0
p00_u94,p00,0.0067,0.0
p00_u95,p00,0.0124,0.0
p00_u96,p00,0.0157,0.0
p00_u97,p00,0.0164,0.0
p00_u98,p00,0.0196,0.0
p00_u99,p00,0.0385,0.0
p02_u00,p02,0.0109,0.0
p02_u01,p02,0.0047,0.0
p02_u02,p02,0.0037,0.0
p02_u03,p02,0.0127,0.0
p02_u04,p02,0.007,0.0
p02_u05,p02,0.0039,0.0
p02_u06,p02,0.0039,0.0
p02_u07,p02,0.0032,0.0
p02_u08,p02,0.01,0.0
p02_u09,p02,0.0053,0.0
p02_u10,p02,0.0054,0.0
p02_u11,p02,0.0076,0.0
p02_u12,p02,0.0154,0.0
p02_u13,p02,0.0041,0.0
p02_u14,p02,0.0072,0.0
p02_u15,p02,0.0037,0.0
p02_u16,p02,0.0093,0.0
p02_u17,p02,0.0079,0.0
p02_u18,p02,0.0024,0.0
p02_u19,p02,0.0101,0.0
p02_u20,p02,0.0063,0.0
p02_u21,p02,0.0118,0.0
p02_u22,p02,0.0104,0.0
p02_u23,p02,0.0077,0.0
p02_u24,p02,0.0032,0.0
p02_u25,p02,0.0104,0.0
p02_u26,p02,0.0305,0.0
p02_u27,p02,0.0068,0.0
p02_u28,p02,0.0095,0.0
p02_u29,p02,0.0045,0.0
p02_u30,p02,0.0121,0.0
p02_u31,p02,0.0083,0.0
p02_u32,p02,0.0093,0.0
p02_u33,p02,0.0137,0.0
p02_u34,p02,0.0174,0.0
p02_u35,p02,0.0106,0.0
p02_u36,p02,0.0094,0.0
p02_u37,p02,0.0114,0.0
p02_u38,p02,0.0093,0.0
p02_u39,p02,0.02,0.0
p02_u40,p02,0.0151,0.0
p02_u41,p02,0.0074,0.0
p02_u42,p02,0.0139,0.0
p02_u43,p02,0.0073,0.0
p02_u44,p02,0.0129,0.0
p02_u45,p02,0.006,0.0
p02_u46,p02,0.0114,0.0
p02_u47,p02,0.0086,0.0
p02_u48,p02,0.0143,0.0
p02_u49,p02,0.0085,0.0
p02_u50,p02,0.0066,0.0
p02_u51,p02,0.012,0.0
p02_u52,p02,0.0152,0.0
p02_u53,p02,0.0063,0.0
p02_u54,p02,0.0093,0.0
p02_u55,p02,0.0118,0.0
p02_u56,p02,0.0064,0.0
p02_u57,p02,0.0044,0.0
p02_u58,p02,0.0055,0.0
p02_u59,p02,0.0031,0.0
p02_u60,p02,0.0097,0.0
p02_u61,p02,0.0137,0.0
p02_u62,p02,0.0064,0.0
p02_u63,p02,0.0069,0.0
p02_u64,p02,0.0209,0.0
p02_u65,p02,0.0083,0.0
p02_u66,p02,0.0151,0.0
p02_u67,p02,0.0052,0.0
p02_u68,p02,0.0109,0.0
p02_u69,p02,0.0159,0.0
p02_u70,p02,0.0114,0.0
p02_u71,p02,0.0086,0.0
p02_u72,p02,0.014,0.0
p02_u73,p02,0.0194,0.0
p02_u74,p02,0.0113,0.0
p02_u75,p02,0.0119,0.0
p02_u76,p02,0.0119,0.0
p02_u77,p02,0.0303,0.0
p02_u78,p02,0.0172,0.0
p02_u79,p02,0.0063,0.0
p02_u80,p02,0.0159,0.0
p02_u81,p02,0.0108,0.0
p02_u82,p02,0.0175,0.0
p02_u83,p02,0.0068,0.0
p02_u84,p02,0.011,0.0
p02_u85,p02,0.0186,0.0
p02_u86,p02,0.0144,0.0
p02_u87,p02,0.0231,0.0
p02_u88,p02,0.0168,0.0
p02_u89,p02,0.0119,0.0
p02_u90,p02,0.0111,0.0
p02_u91,p02,0.0185,0.0
p02_u92,p02,0.0055,0.0
p02_u93,p02,0.0051,0.0
p02_u94,p02,0.0087,0.0
p02_u95,p02,0.0067,0.0
p02_u96,p02,0.017,0.0
p02_u97,p02,0.0158,0.0
p02_u98,p02,0.0134,0.0
p02_u99,p02,0.0065,0.0
p04_u00,p04,0.0056,0.0
p04_u01,p04,0.0078,0.0
p04_u02,p04,0.0064,0.0
p04_u03,p04,0.0038,0.0
p04_u04,p04,0.0067,0.0
p04_u05,p04,0.0029,0.0
p04_u06,p04,0.0052,0.0
p04_u07,p04,0.005,0.0
p04_u08,p04,0.0099,0.0
p04_u09,p04,0.0065,0.0
p04_u10,p04,0.0114,0.0
p04_u11,p04,0.004,0.0
p04_u12,p04,0.0043,0.0001
p04_u13,p04,0.0128,0.0
p04_u14,p04,0.0064,0.0001
p04_u15,p04,0.0049,0.0
p04_u16,p04,0.0061,0.0
p04_u17,p04,0.0035,0.0
p04_u18,p04,0.0075,0.0
p04_u19,p04,0.0055,0.0001
p04_u20,p04,0.004,0.0
p04_u21,p04,0.0058,0.0
p04_u22,p04,0.0047,0.0
p04_u23,p04,0.0046,0.0
p04_u24,p04,0.0051,0.0
p04_u25,p04,0.0024,0.0
p04_u26,p04,0.0029,0.0
p04_u27,p04,0.0074,0.0
p04_u28,p04,0.0064,0.0
p04_u29,p04,0.0053,0.0
p04_u30,p04,0.0047,0.0
p04_u31,p04,0.0044,0.0
p04_u32,p04,0.0107,0.0
p04_u33,p04,0.0031,0.0
p04_u34,p04,0.0242,0.0
p04_u35,p04,0.0034,0.0
p04_u36,p04,0.0033,0.0
p04_u37,p04,0.0059,0.0
p04_u38,p04,0.0089,0.0
p04_u39,p04,0.0062,0.0
p04_u40,p04,0.0042,0.0
p04_u41,p04,0.0036,0.0
p04_u42,p04,0.0052,0.0
p04_u43,p04,0.0042,0.0
p04_u44,p04,0.0051,0.0
p04_u45,p04,0.006,0.0
p04_u46,p04,0.0177,0.0
p04_u47,p04,0.0226,0.0
p04_u48,p04,0.0034,0.0
p04_u49,p04,0.0036,0.0
p04_u50,p04,0.0065,0.0
p04_u51,p04,0.0068,0.0
p04_u52,p04,0.0048,0.0
p04_u53,p04,0.0096,0.0
p04_u54,p04,0.0043,0.0
p04_u55,p04,0.0035,0.0
p04_u56,p04,0.0055,0.0
p04_u57,p04,0.0083,0.0
p04_u58,p04,0.0047,0.0
p04_u59,p04,0.0077,0.0
p04_u60,p04,0.0111,0.0
p04_u61,p04,0.0192,0.0001
p04_u62,p04,0.0039,0.0
p04_u63,p04,0.0086,0.0
p04_u64,p04,0.0042,0.0
p04_u65,p04,0.0019,0.0
p04_u66,p04,0.006,0.0
p04_u67,p04,0.0034,0.0
p04_u68,p04,0.0037,0.0
p04_u69,p04,0.0036,0.0
p04_u70,p04,0.0059,0.0
p04_u71,p04,0.0083,0.0
p04_u72,p04,0.004,0.0
p04_u73,p04,0.0053,0.0
p04_u74,p04,0.0052,0.0
p04_u75,p04,0.0039,0.0
p04_u76,p04,0.0038,0.0
p04_u77,p04,0.003,0.0
p04_u78,p04,0.0046,0.0
p04_u79,p04,0.003,0.0
p04_u80,p04,0.0029,0.0
p04_u81,p04,0.0044,0.0
p04_u82,p04,0.0052,0.0
p04_u83,p04,0.0045,0.0
p04_u84,p04,0.0045,0.0
p04_u85,p04,0.0018,0.0
p04_u86,p04,0.0068,0.0
p04_u87,p04,0.0067,0.0
p04_u88,p04,0.0093,0.0
p04_u89,p04,0.0037,0.0
p04_u90,p04,0.0023,0.0
p04_u91,p04,0.0024,0.0
p04_u92,p04,0.0062,0.0
p04_u93,p04,0.0045,0.0
p04_u94,p04,0.0068,0.0
p04_u95,p04,0.0028,0.0
p04_u96,p04,0.0029,0.0
p04_u97,p04,0.0049,0.0
p04_u98,p04,0.0039,0.0
p04_u99,p04,0.0032,0.0
p21_u00,p21,0.002,0.0
p21_u01,p21,0.0033,0.0
p21_u02,p21,0.0027,0.0
p21_u03,p21,0.0032,0.0
p21_u04,p21,0.0026,0.0
p21_u05,p21,0.0026,0.0
p21_u06,p21,0.0057,0.0
p21_u07,p21,0.0102,0.0
p21_u08,p21,0.0025,0.0
p21_u09,p21,0.0054,0.0
p21_u10,p21,0.0062,0.0
p21_u11,p21,0.0056,0.0
p21_u12,p21,0.0099,0.0
p21_u13,p21,0.005,0.0
p21_u14,p21,0.0102,0.0
p21_u15,p21,0.0062,0.0
p21_u16,p21,0.0031,0.0
p21_u17,p21,0.0075,0.0
p21_u18,p21,0.0079,0.0
p21_u19,p21,0.012,0.0
p21_u20,p21,0.0116,0.0
p21_u21,p21,0.0057,0.0
p21_u22,p21,0.0028,0.0
p21_u23,p21,0.0037,0.0
p21_u24,p21,0.0075,0.0
p21_u25,p21,0.0024,0.0
p21_u26,p21,0.0096,0.0
p21_u27,p21,0.0093,0.0
p21_u28,p21,0.0061,0.0
p21_u29,p21,0.0139,0.0
p21_u30,p21,0.012,0.0
p21_u31,p21,0.0023,0.0
p21_u32,p21,0.0114,0.0
p21_u33,p21,0.0011,0.0
p21_u34,p21,0.0093,0.0
p21_u35,p21,0.0086,0.0
p21_u36,p21,0.0036,0.0
p21_u37,p21,0.0061,0.0
p21_u38,p21,0.0188,0.0
p21_u39,p21,0.0042,0.0
p21_u40,p21,0.0055,0.0
p21_u41,p21,0.0063,0.0
p21_u42,p21,0.0018,0.0
p21_u43,p21,0.0058,0.0
p21_u44,p21,0.0099,0.0
p21_u45,p21,0.0153,0.0
p21_u46,p21,0.0036,0.0
p21_u47,p21,0.0022,0.0
p21_u48,p21,0.0041,0.0
p21_u49,p21,0.0063,0.0
p21_u50,p21,0.0094,0.0
p21_u51,p21,0.005,0.0
p21_u52,p21,0.0059,0.0
p21_u53,p21,0.0017,0.0
p21_u54,p21,0.0046,0.0
p21_u55,p21,0.0062,0.0
p21_u56,p21,0.0118,0.0
p21_u57,p21,0.0051,0.0
p21_u58,p21,0.0043,0.0
p21_u59,p21,0.011,0.0
p21_u60,p21,0.0026,0.0
p21_u61,p21,0.0157,0.0
p21_u62,p21,0.0092,0.0
p21_u63,p21,0.0111,0.0
p21_u64,p21,0.0067,0.0
p21_u65,p21,0.0113,0.0
p21_u66,p21,0.0051,0.0
p21_u67,p21,0.0123,0.0
p21_u68,p21,0.0038,0.0
p21_u69,p21,0.0081,0.0
p21_u70,p21,0.0084,0.0
p21_u71,p21,0.0197,0.0
p21_u72,p21,0.0147,0.0
p21_u73,p21,0.0104,0.0
p21_u74,p21,0.006,0.0
p21_u75,p21,0.0187,0.0
p21_u76,p21,0.0135,0.0
p21_u77,p21,0.0073,0.0
p21_u78,p21,0.0078,0.0
p21_u79,p21,0.0065,0.0
p21_u80,p21,0.0059,0.0
p21_u81,p21,0.0168,0.0
p21_u82,p21,0.0066,0.0
p21_u83,p21,0.0095,0.0
p21_u84,p21,0.0041,0.0
p21_u85,p21,0.0091,0.0
p21_u86,p21,0.0083,0.0
p21_u87,p21,0.0034,0.0
p21_u88,p21,0.0054,0.0
p21_u89,p21,0.0031,0.0
p21_u90,p21,0.003,0.0
p21_u91,p21,0.0083,0.0
p21_u92,p21,0.0091,0.0
p21_u93,p21,0.0058,0.0
p21_u94,p21,0.007,0.0
p21_u95,p21,0.0106,0.0
p21_u96,p21,0.0096,0.0
p21_u97,p21,0.0026,0.0
p21_u98,p21,0.0055,0.0
p21_u99,p21,0.0037,0.0
p24_u00,p24,0.007,0.0
p24_u01,p24,0.0138,0.0
p24_u02,p24,0.016,0.0
p24_u03,p24,0.0095,0.0
p24_u04,p24,0.0236,0.0
p24_u05,p24,0.0098,0.0
p24_u06,p24,0.004,0.0
p24_u07,p24,0.0066,0.0
p24_u08,p24,0.0118,0.0
p24_u09,p24,0.0121,0.0
p24_u10,p24,0.0118,0.0
p24_u11,p24,0.008,0.0
p24_u12,p24,0.0043,0.0
p24_u13,p24,0.0206,0.0
p24_u14,p24,0.0035,0.0
p24_u15,p24,0.0044,0.0
p24_u16,p24,0.0118,0.0
p24_u17,p24,0.0078,0.0
p24_u18,p24,0.009,0.0
p24_u19,p24,0.0262,0.0
p24_u20,p24,0.0305,0.0
p24_u21,p24,0.016,0.0
p24_u22,p24,0.0126,0.0
p24_u23,p24,0.0073,0.0
p24_u24,p24,0.0177,0.0
p24_u25,p24,0.0087,0.0
p24_u26,p24,0.0122,0.0
p24_u27,p24,0.0098,0.0
p24_u28,p24,0.017,0.0
p24_u29,p24,0.0207,0.0
p24_u30,p24,0.0254,0.0
p24_u31,p24,0.0169,0.0
p24_u32,p24,0.0074,0.0
p24_u33,p24,0.0116,0.0
p24_u34,p24,0.0122,0.0
p24_u35,p24,0.0136,0.0
p24_u36,p24,0.0133,0.0
p24_u37,p24,0.0113,0.0
p24_u38,p24,0.006,0.0
p24_u39,p24,0.0103,0.0
p24_u40,p24,0.0302,0.0
p24_u41,p24,0.044,0.0
p24_u42,p24,0.0155,0.0
p24_u43,p24,0.0255,0.0
p24_u44,p24,0.0043,0.0
p24_u45,p24,0.0184,0.0
p24_u46,p24,0.0217,0.0
p24_u47,p24,0.0224,0.0
p24_u48,p24,0.0093,0.0
p24_u49,p24,0.0131,0.0
p24_u50,p24,0.0187,0.0
p24_u51,p24,0.0069,0.0
p24_u52,p24,0.0099,0.0
p24_u53,p24,0.0075,0.0
p24_u54,p24,0.0074,0.0
p24_u55,p24,0.0135,0.0
p24_u56,p24,0.0067,0.0
p24_u57,p24,0.0046,0.0
p24_u58,p24,0.0094,0.0
p24_u59,p24,0.0135,0.0
p24_u60,p24,0.0118,0.0
p24_u61,p24,0.0185,0.0
p24_u62,p24,0.0225,0.0
p24_u63,p24,0.0209,0.0
p24_u64,p24,0.0171,0.0
p24_u65,p24,0.0108,0.0
p24_u66,p24,0.0058,0.0
p24_u67,p24,0.0137,0.0
p24_u68,p24,0.01,0.0
p24_u69,p24,0.0123,0.0
p24_u70,p24,0.0133,0.0
p24_u71,p24,0.0099,0.0
p24_u72,p24,0.0168,0.0
p24_u73,p24,0.0158,0.0
p24_u74,p24,0.0109,0.0
p24_u75,p24,0.0184,0.0
p24_u76,p24,0.0118,0.0
p24_u77,p24,0.002,0.0
p24_u78,p24,0.0106,0.0
p24_u79,p24,0.0093,0.0
p24_u80,p24,0.0052,0.0
p24_u81,p24,0.0041,0.0
p24_u82,p24,0.0077,0.0
p24_u83,p24,0.011,0.0
p24_u84,p24,0.0035,0.0
p24_u85,p24,0.0065,0.0
p24_u86,p24,0.007,0.0
p24_u87,p24,0.0082,0.0
p24_u88,p24,0.0127,0.0
p24_u89,p24,0.0163,0.0
p24_u90,p24,0.0045,0.0
p24_u91,p24,0.0106,0.0
p24_u92,p24,0.016,0.0
p24_u93,p24,0.0081,0.0
p24_u94,p24,0.0038,0.0
p24_u95,p24,0.0055,0.0
p24_u96,p24,0.0236,0.0
p24_u97,p24,0.0064,0.0
p24_u98,p24,0.007,0.0
p24_u99,p24,0.0082,0.0
p26_u00,p26,0.0043,0.0
p26_u01,p26,0.0026,0.0
p26_u02,p26,0.0014,0.0
p26_u03,p26,0.0053,0.0
p26_u04,p26,0.0035,0.0
p26_u05,p26,0.0048,0.0
p26_u06,p26,0.0084,0.0
p26_u07,p26,0.0014,0.0
p26_u08,p26,0.0021,0.0
p26_u09,p26,0.0033,0.0
p26_u10,p26,0.0018,0.0
p26_u11,p26,0.0067,0.0
p26_u12,p26,0.0025,0.0
p26_u13,p26,0.0035,0.0
p26_u14,p26,0.0015,0.0
p26_u15,p26,0.0038,0.0
p26_u16,p26,0.0034,0.0
p26_u17,p26,0.0032,0.0
p26_u18,p26,0.0023,0.0
p26_u19,p26,0.0019,0.0
p26_u20,p26,0.0024,0.0
p26_u21,p26,0.0038,0.0
p26_u22,p26,0.0028,0.0
p26_u23,p26,0.0021,0.0
p26_u24,p26,0.005,0.0
p26_u25,p26,0.0011,0.0
p26_u26,p26,0.0019,0.0
p26_u27,p26,0.0032,0.0
p26_u28,p26,0.0036,0.0
p26_u29,p26,0.0021,0.0
p26_u30,p26,0.0042,0.0
p26_u31,p26,0.0021,0.0
p26_u32,p26,0.0011,0.0
p26_u33,p26,0.0013,0.0
p26_u34,p26,0.0019,0.0
p26_u35,p26,0.0027,0.0
p26_u36,p26,0.0048,0.0
p26_u37,p26,0.0035,0.0
p26_u38,p26,0.0029,0.0
p26_u39,p26,0.0013,0.0
p26_u40,p26,0.0033,0.0
p26_u41,p26,0.004,0.0
p26_u42,p26,0.0031,0.0
p26_u43,p26,0.0034,0.0
p26_u44,p26,0.0023,0.0
p26_u45,p26,0.0018,0.0
p26_u46,p26,0.0013,0.0
p26_u47,p26,0.0028,0.0
p26_u48,p26,0.0022,0.0
p26_u49,p26,0.0021,0.0
p26_u50,p26,0.0032,0.0
p26_u51,p26,0.0023,0.0
p26_u52,p26,0.0015,0.0
p26_u53,p26,0.0012,0.0
p26_u54,p26,0.002,0.0
p26_u55,p26,0.0039,0.0
p26_u56,p26,0.0019,0.0
p26_u57,p26,0.0018,0.0
p26_u58,p26,0.0013,0.0
p26_u59,p26,0.0026,0.0
p26_u60,p26,0.0028,0.0
p26_u61,p26,0.0024,0.0
p26_u62,p26,0.002,0.0
p26_u63,p26,0.002,0.0
p26_u64,p26,0.0025,0.0
p26_u65,p26,0.0061,0.0
p26_u66,p26,0.0057,0.0
p26_u67,p26,0.0029,0.0
p26_u68,p26,0.002,0.0
p26_u69,p26,0.0022,0.0
p26_u70,p26,0.0021,0.0
p26_u71,p26,0.0031,0.0
p26_u72,p26,0.0087,0.0
p26_u73,p26,0.0018,0.0
p26_u74,p26,0.008,0.0
p26_u75,p26,0.0045,0.0
p26_u76,p26,0.0079,0.0
p26_u77,p26,0.0052,0.0
p26_u78,p26,0.0034,0.0
p26_u79,p26,0.0018,0.0
p26_u80,p26,0.0033,0.0
p26_u81,p26,0.0052,0.0
p26_u82,p26,0.002,0.0
p26_u83,p26,0.0023,0.0
p26_u84,p26,0.0025,0.0
p26_u85,p26,0.0031,0.0
p26_u86,p26,0.0021,0.0
p26_u87,p26,0.0041,0.0
p26_u88,p26,0.0028,0.0
p26_u89,p26,0.0023,0.0
p26_u90,p26,0.0016,0.0
p26_u91,p26,0.0024,0.0
p26_u92,p26,0.0032,0.0
p26_u93,p26,0.0021,0.0
p26_u94,p26,0.0026,0.0
p26_u95,p26,0.0025,0.0
p26_u96,p26,0.0034,0.0
p26_u97,p26,0.0027,0.0
p26_u98,p26,0.0026,0.0
p26_u99,p26,0.0021,0.0
p32_u00,p32,0.0045,0.0
p32_u01,p32,0.0078,0.0
p32_u02,p32,0.012,0.0
p32_u03,p32,0.0039,0.0
p32_u04,p32,0.0086,0.0
p32_u05,p32,0.0041,0.0
p32_u06,p32,0.0054,0.0
p32_u07,p32,0.0037,0.0
p32_u08,p32,0.003,0.0
p32_u09,p32,0.0017,0.0
p32_u10,p32,0.002,0.0
p32_u11,p32,0.0067,0.0
p32_u12,p32,0.0043,0.0
p32_u13,p32,0.0032,0.0
p32_u14,p32,0.0065,0.0
p32_u15,p32,0.0037,0.0
p32_u16,p32,0.0061,0.0
p32_u17,p32,0.0044,0.0
p32_u18,p32,0.0023,0.0
p32_u19,p32,0.0052,0.0
p32_u20,p32,0.0152,0.0
p32_u21,p32,0.0029,0.0
p32_u22,p32,0.0081,0.0
p32_u23,p32,0.0072,0.0
p32_u24,p32,0.0033,0.0
p32_u25,p32,0.0021,0.0
p32_u26,p32,0.0097,0.0
p32_u27,p32,0.0047,0.0
p32_u28,p32,0.0042,0.0
p32_u29,p32,0.0124,0.0
p32_u30,p32,0.0043,0.0
p32_u31,p32,0.0078,0.0
p32_u32,p32,0.0046,0.0
p32_u33,p32,0.0043,0.0
p32_u34,p32,0.0054,0.0
p32_u35,p32,0.0068,0.0
p32_u36,p32,0.0043,0.0
p32_u37,p32,0.004,0.0
p32_u38,p32,0.0049,0.0
p32_u39,p32,0.0035,0.0
p32_u40,p32,0.0024,0.0
p32_u41,p32,0.0031,0.0
p32_u42,p32,0.0011,0.0
p32_u43,p32,0.0028,0.0
p32_u44,p32,0.0041,0.0
p32_u45,p32,0.0031,0.0
p32_u46,p32,0.0021,0.0
p32_u47,p32,0.0034,0.0
p32_u48,p32,0.0076,0.0
p32_u49,p32,0.0075,0.0
p32_u50,p32,0.0032,0.0
p32_u51,p32,0.0082,0.0
p32_u52,p32,0.0043,0.0
p32_u53,p32,0.004,0.0
p32_u54,p32,0.006,0.0
p32_u55,p32,0.0062,0.0
p32_u56,p32,0.0058,0.0
p32_u57,p32,0.002,0.0
p32_u58,p32,0.0021,0.0
p32_u59,p32,0.0164,0.0
p32_u60,p32,0.0237,0.0001
p32_u61,p32,0.0042,0.0
p32_u62,p32,0.0125,0.0
p32_u63,p32,0.0061,0.0
p32_u64,p32,0.0025,0.0
p32_u65,p32,0.0032,0.0
p32_u66,p32,0.0029,0.0
p32_u67,p32,0.0052,0.0
p32_u68,p32,0.0079,0.0
p32_u69,p32,0.0113,0.0
p32_u70,p32,0.0046,0.0
p32_u71,p32,0.0035,0.0
p32_u72,p32,0.0069,0.0
p32_u73,p32,0.0038,0.0
p32_u74,p32,0.0026,0.0
p32_u75,p32,0.0069,0.0
p32_u76,p32,0.0057,0.0
p32_u77,p32,0.0045,0.0
p32_u78,p32,0.0034,0.0
p32_u79,p32,0.006,0.0
p32_u80,p32,0.0079,0.0
p32_u81,p32,0.0047,0.0
p32_u82,p32,0.0114,0.0
p32_u83,p32,0.0091,0.0
p32_u84,p32,0.0034,0.0
p32_u85,p32,0.0043,0.0
p32_u86,p32,0.0047,0.0
p32_u87,p32,0.0016,0.0
p32_u88,p32,0.0052,0.0
p32_u89,p32,0.0024,0.0
p32_u90,p32,0.0092,0.0
p32_u91,p32,0.0032,0.0
p32_u92,p32,0.003,0.0
p32_u93,p32,0.0046,0.0
p32_u94,p32,0.0018,0.0
p32_u95,p32,0.003,0.0
p32_u96,p32,0.0043,0.0
p32_u97,p32,0.0125,0.0
p32_u98,p32,0.0108,0.0
p32_u99,p32,0.0106,0.0
p38_u00,p38,0.0085,0.0
p38_u01,p38,0.0063,0.0
p38_u02,p38,0.0062,0.0
p38_u03,p38,0.0024,0.0
p38_u04,p38,0.0062,0.0
p38_u05,p38,0.0047,0.0
p38_u06,p38,0.004,0.0
p38_u07,p38,0.0032,0.0
p38_u08,p38,0.0059,0.0
p38_u09,p38,0.0067,0.0
p38_u10,p38,0.0043,0.0
p38_u11,p38,0.0047,0.0
p38_u12,p38,0.0052,0.0
p38_u13,p38,0.008,0.0
p38_u14,p38,0.0076,0.0
p38_u15,p38,0.0052,0.0
p38_u16,p38,0.0035,0.0
p38_u17,p38,0.004,0.0
p38_u18,p38,0.0081,0.0
p38_u19,p38,0.0037,0.0
p38_u20,p38,0.0234,0.0
p38_u21,p38,0.0053,0.0
p38_u22,p38,0.011,0.0
p38_u23,p38,0.0132,0.0
p38_u24,p38,0.0026,0.0
p38_u25,p38,0.0056,0.0
p38_u26,p38,0.0036,0.0
p38_u27,p38,0.0121,0.0
p38_u28,p38,0.0054,0.0
p38_u29,p38,0.0053,0.0
p38_u30,p38,0.0036,0.0
p38_u31,p38,0.0057,0.0
p38_u32,p38,0.0124,0.0
p38_u33,p38,0.0081,0.0
p38_u34,p38,0.0046,0.0
p38_u35,p38,0.0062,0.0
p38_u36,p38,0.0039,0.0
p38_u37,p38,0.0067,0.0
p38_u38,p38,0.0061,0.0
p38_u39,p38,0.0123,0.0
p38_u40,p38,0.0078,0.0
p38_u41,p38,0.0075,0.0
p38_u42,p38,0.024,0.0
p38_u43,p38,0.0055,0.0
p38_u44,p38,0.0084,0.0
p38_u45,p38,0.012,0.0
p38_u46,p38,0.0056,0.0
p38_u47,p38,0.0218,0.0
p38_u48,p38,0.0164,0.0
p38_u49,p38,0.0136,0.0
p38_u50,p38,0.0074,0.0
p38_u51,p38,0.016,0.0
p38_u52,p38,0.0078,0.0
p38_u53,p38,0.0101,0.0
p38_u54,p38,0.0197,0.0
p38_u55,p38,0.0059,0.0
p38_u56,p38,0.0092,0.0
p38_u57,p38,0.0124,0.0001
p38_u58,p38,0.0037,0.0
p38_u59,p38,0.0032,0.0
p38_u60,p38,0.0065,0.0
p38_u61,p38,0.0048,0.0
p38_u62,p38,0.0141,0.0
p38_u63,p38,0.0421,0.0
p38_u64,p38,0.0023,0.0
p38_u65,p38,0.0055,0.0
p38_u66,p38,0.004,0.0
p38_u67,p38,0.0065,0.0
p38_u68,p38,0.0025,0.0
p38_u69,p38,0.0026,0.0
p38_u70,p38,0.0087,0.0
p38_u71,p38,0.0029,0.0
p38_u72,p38,0.0041,0.0
p38_u73,p38,0.0056,0.0
p38_u74,p38,0.0035,0.0
p38_u75,p38,0.0026,0.0
p38_u76,p38,0.0052,0.0
p38_u77,p38,0.0244,0.0
p38_u78,p38,0.0028,0.0
p38_u79,p38,0.0095,0.0
p38_u80,p38,0.0032,0.0
p38_u81,p38,0.0067,0.0
p38_u82,p38,0.0034,0.0
p38_u83,p38,0.0051,0.0
p38_u84,p38,0.0035,0.0
p38_u85,p38,0.006,0.0
p38_u86,p38,0.006,0.0
p38_u87,p38,0.0048,0.0
p38_u88,p38,0.0037,0.0
p38_u89,p38,0.0116,0.0
p38_u90,p38,0.0052,0.0
p38_u91,p38,0.0033,0.0
p38_u92,p38,0.0081,0.0
p38_u93,p38,0.0038,0.0
p38_u94,p38,0.0097,0.0
p38_u95,p38,0.0052,0.0
p38_u96,p38,0.0046,0.0
p38_u97,p38,0.0092,0.0
p38_u98,p38,0.0053,0.0
p38_u99,p38,0.0029,0.0
p41_u00,p41,0.0257,0.0
p41_u01,p41,0.0151,0.0
p41_u02,p41,0.0163,0.0
p41_u03,p41,0.0071,0.0
p41_u04,p41,0.0108,0.0
p41_u05,p41,0.0132,0.0001
p41_u06,p41,0.017,0.0
p41_u07,p41,0.0031,0.0
p41_u08,p41,0.016,0.0
p41_u09,p41,0.0272,0.0
p41_u10,p41,0.0226,0.0001
p41_u11,p41,0.0213,0.0
p41_u12,p41,0.0166,0.0
p41_u13,p41,0.0134,0.0
p41_u14,p41,0.0147,0.0
p41_u15,p41,0.0227,0.0001
p41_u16,p41,0.0147,0.0001
p41_u17,p41,0.0066,0.0
p41_u18,p41,0.0113,0.0
p41_u19,p41,0.0065,0.0
p41_u20,p41,0.0192,0.0
p41_u21,p41,0.008,0.0
p41_u22,p41,0.0156,0.0
p41_u23,p41,0.0103,0.0
p41_u24,p41,0.0059,0.0
p41_u25,p41,0.0145,0.0001
p41_u26,p41,0.008,0.0001
p41_u27,p41,0.0139,0.0001
p41_u28,p41,0.01,0.0001
p41_u29,p41,0.0106,0.0
p41_u30,p41,0.0082,0.0
p41_u31,p41,0.0123,0.0001
p41_u32,p41,0.0112,0.0
p41_u33,p41,0.0101,0.0
p41_u34,p41,0.0065,0.0
p41_u35,p41,0.0322,0.0
p41_u36,p41,0.0087,0.0
p41_u37,p41,0.013,0.0
p41_u38,p41,0.0226,0.0
p41_u39,p41,0.0101,0.0
p41_u40,p41,0.006,0.0
p41_u41,p41,0.0166,0.0001
p41_u42,p41,0.0072,0.0
p41_u43,p41,0.0039,0.0
p41_u44,p41,0.0242,0.0001
p41_u45,p41,0.0036,0.0
p41_u46,p41,0.0168,0.0
p41_u47,p41,0.0046,0.0
p41_u48,p41,0.0226,0.0001
p41_u49,p41,0.012,0.0
p41_u50,p41,0.0286,0.0001
p41_u51,p41,0.0097,0.0
p41_u52,p41,0.0084,0.0
p41_u53,p41,0.0166,0.0
p41_u54,p41,0.0119,0.0
p41_u55,p41,0.0081,0.0
p41_u56,p41,0.022,0.0
p41_u57,p41,0.0181,0.0
p41_u58,p41,0.0148,0.0
p41_u59,p41,0.0072,0.0
p41_u60,p41,0.0048,0.0
p41_u61,p41,0.0101,0.0
p41_u62,p41,0.0086,0.0
p41_u63,p41,0.0119,0.0
p41_u64,p41,0.0059,0.0
p41_u65,p41,0.0137,0.0
p41_u66,p41,0.0033,0.0
p41_u67,p41,0.0055,0.0
p41_u68,p41,0.0058,0.0
p41_u69,p41,0.0094,0.0
p41_u70,p41,0.0165,0.0
p41_u71,p41,0.0162,0.0001
p41_u72,p41,0.0158,0.0001
p41_u73,p41,0.0062,0.0
p41_u74,p41,0.016,0.0
p41_u75,p41,0.0051,0.0
p41_u76,p41,0.0124,0.0
p41_u77,p41,0.0077,0.0
p41_u78,p41,0.0075,0.0
p41_u79,p41,0.0205,0.0
p41_u80,p41,0.0106,0.0
p41_u81,p41,0.0087,0.0
p41_u82,p41,0.0082,0.0
p41_u83,p41,0.0119,0.0
p41_u84,p41,0.0255,0.0
p41_u85,p41,0.0139,0.0
p41_u86,p41,0.0133,0.0
p41_u87,p41,0.0097,0.0
p41_u88,p41,0.0174,0.0001
p41_u89,p41,0.0345,0.0001
p41_u90,p41,0.0082,0.0
p41_u91,p41,0.0112,0.0
p41_u92,p41,0.0079,0.0
p41_u93,p41,0.0068,0.0
p41_u94,p41,0.0034,0.0
p41_u95,p41,0.0105,0.0001
p41_u96,p41,0.0263,0.0
p41_u97,p41,0.0163,0.0
p41_u98,p41,0.0048,0.0
p41_u99,p41,0.015,0.0
p56_u00,p56,0.0025,0.0
p56_u01,p56,0.0041,0.0
p56_u02,p56,0.0057,0.0
p56_u03,p56,0.002,0.0
p56_u04,p56,0.0047,0.0
p56_u05,p56,0.01,0.0
p56_u06,p56,0.0033,0.0
p56_u07,p56,0.0045,0.0
p56_u08,p56,0.003,0.0
p56_u09,p56,0.0058,0.0
p56_u10,p56,0.003,0.0
p56_u11,p56,0.0047,0.0
p56_u12,p56,0.0029,0.0
p56_u13,p56,0.0025,0.0
p56_u14,p56,0.0064,0.0
p56_u15,p56,0.0059,0.0
p56_u16,p56,0.0031,0.0
p56_u17,p56,0.0058,0.0
p56_u18,p56,0.0142,0.0
p56_u19,p56,0.0016,0.0
p56_u20,p56,0.0091,0.0
p56_u21,p56,0.0031,0.0
p56_u22,p56,0.0034,0.0
p56_u23,p56,0.0027,0.0
p56_u24,p56,0.0054,0.0
p56_u25,p56,0.0014,0.0
p56_u26,p56,0.0023,0.0
p56_u27,p56,0.0068,0.0
p56_u28,p56,0.0016,0.0
p56_u29,p56,0.0019,0.0
p56_u30,p56,0.0011,0.0
p56_u31,p56,0.0034,0.0
p56_u32,p56,0.0037,0.0
p56_u33,p56,0.0078,0.0
p56_u34,p56,0.0056,0.0
p56_u35,p56,0.0059,0.0
p56_u36,p56,0.0031,0.0
p56_u37,p56,0.0046,0.0
p56_u38,p56,0.0049,0.0
p56_u39,p56,0.0023,0.0
p56_u40,p56,0.003,0.0
p56_u41,p56,0.0025,0.0
p56_u42,p56,0.0184,0.0
p56_u43,p56,0.0041,0.0
p56_u44,p56,0.0056,0.0
p56_u45,p56,0.0068,0.0
p56_u46,p56,0.0036,0.0
p56_u47,p56,0.0155,0.0
p56_u48,p56,0.0041,0.0
p56_u49,p56,0.0046,0.0
p56_u50,p56,0.0045,0.0
p56_u51,p56,0.0027,0.0
p56_u52,p56,0.0055,0.0
p56_u53,p56,0.0041,0.0
p56_u54,p56,0.0059,0.0
p56_u55,p56,0.006,0.0
p56_u56,p56,0.0051,0.0
p56_u57,p56,0.0032,0.0
p56_u58,p56,0.0089,0.0
p56_u59,p56,0.0054,0.0
p56_u60,p56,0.0057,0.0
p56_u61,p56,0.0048,0.0
p56_u62,p56,0.0037,0.0
p56_u63,p56,0.005,0.0
p56_u64,p56,0.0049,0.0
p56_u65,p56,0.0029,0.0
p56_u66,p56,0.0061,0.0
p56_u67,p56,0.0046,0.0
p56_u68,p56,0.0096,0.0
p56_u69,p56,0.0035,0.0
p56_u70,p56,0.0033,0.0
p56_u71,p56,0.005,0.0
p56_u72,p56,0.0037,0.0
p56_u73,p56,0.0059,0.0
p56_u74,p56,0.0041,0.0
p56_u75,p56,0.005,0.0
p56_u76,p56,0.0047,0.0
p56_u77,p56,0.002,0.0
p56_u78,p56,0.0032,0.0
p56_u79,p56,0.0092,0.0
p56_u80,p56,0.0045,0.0
p56_u81,p56,0.0053,0.0
p56_u82,p56,0.006,0.0
p56_u83,p56,0.007,0.0
p56_u84,p56,0.0108,0.0
p56_u85,p56,0.0031,0.0
p56_u86,p56,0.0048,0.0
p56_u87,p56,0.0037,0.0
p56_u88,p56,0.0044,0.0
p56_u89,p56,0.0034,0.0
p56_u90,p56,0.002,0.0
p56_u91,p56,0.0056,0.0
p56_u92,p56,0.0036,0.0
p56_u93,p56,0.0063,0.0
p56_u94,p56,0.0073,0.0
p56_u95,p56,0.01,0.0
p56_u96,p56,0.0041,0.0
p56_u97,p56,0.0051,0.0
p56_u98,p56,0.0062,0.0
p56_u99,p56,0.0024,0.0
