asr,A,B,cer_A,cer_B,rel,spk_B_better,p_spk
whisper-small,taps,ce,0.2297,0.1956,-14.8,10,0.002
whisper-small,taps,ce_visible,0.2297,0.1965,-14.5,10,0.002
whisper-small,taps,ce_invisible,0.2297,0.2301,0.2,4,0.1309
whisper-small,ce,ce_visible,0.1956,0.1965,0.4,3,0.375
whisper-small,taps_s80,ce_s80,0.2287,0.1984,-13.2,10,0.002
whisper-small,taps_s160,ce_s160,0.2283,0.1973,-13.6,10,0.002
whisper-small,ce,ce_s40,0.1956,0.1965,0.5,4,0.4922
whisper-small,ce,ce_s80,0.1956,0.1984,1.4,2,0.0488
whisper-small,ce,ce_s160,0.1956,0.1973,0.9,4,0.3223
whisper-small,taps,taps_s80,0.2297,0.2287,-0.4,6,0.2324
qwen3-asr-1.7b,taps,ce,0.1359,0.114,-16.2,10,0.002
qwen3-asr-1.7b,taps,ce_visible,0.1359,0.1143,-15.9,9,0.0039
qwen3-asr-1.7b,taps,ce_invisible,0.1359,0.1356,-0.3,7,0.625
qwen3-asr-1.7b,ce,ce_visible,0.114,0.1143,0.3,5,0.625
qwen3-asr-1.7b,taps_s80,ce_s80,0.1366,0.1141,-16.5,10,0.002
qwen3-asr-1.7b,taps_s160,ce_s160,0.1342,0.1156,-13.9,10,0.002
qwen3-asr-1.7b,ce,ce_s40,0.114,0.1143,0.3,5,0.8457
qwen3-asr-1.7b,ce,ce_s80,0.114,0.1141,0.1,5,0.9219
qwen3-asr-1.7b,ce,ce_s160,0.114,0.1156,1.4,5,0.375
qwen3-asr-1.7b,taps,taps_s80,0.1359,0.1366,0.5,5,0.6953
xlsr-korean,taps,ce,0.2216,0.2787,25.8,0,0.002
xlsr-korean,taps,ce_visible,0.2216,0.2761,24.6,0,0.002
xlsr-korean,taps,ce_invisible,0.2216,0.2218,0.1,5,0.5566
xlsr-korean,ce,ce_visible,0.2787,0.2761,-0.9,9,0.0059
xlsr-korean,taps_s80,ce_s80,0.2207,0.2764,25.2,0,0.002
xlsr-korean,taps_s160,ce_s160,0.2201,0.2749,24.9,0,0.002
xlsr-korean,ce,ce_s40,0.2787,0.2761,-0.9,8,0.0098
xlsr-korean,ce,ce_s80,0.2787,0.2764,-0.8,8,0.0371
xlsr-korean,ce,ce_s160,0.2787,0.2749,-1.4,9,0.0059
xlsr-korean,taps,taps_s80,0.2216,0.2207,-0.4,7,0.2754
zipformer-ko,taps,ce,0.4245,0.7403,74.4,0,0.002
zipformer-ko,taps,ce_visible,0.4245,0.7456,75.6,0,0.002
zipformer-ko,taps,ce_invisible,0.4245,0.4233,-0.3,8,0.0273
zipformer-ko,ce,ce_visible,0.7403,0.7456,0.7,2,0.0098
zipformer-ko,taps_s80,ce_s80,0.4214,0.7417,76.0,0,0.002
zipformer-ko,taps_s160,ce_s160,0.4227,0.7422,75.6,0,0.002
zipformer-ko,ce,ce_s40,0.7403,0.7429,0.4,4,0.5566
zipformer-ko,ce,ce_s80,0.7403,0.7417,0.2,4,0.6953
zipformer-ko,ce,ce_s160,0.7403,0.7422,0.3,4,0.5566
zipformer-ko,taps,taps_s80,0.4245,0.4214,-0.7,8,0.3223
