asr,cond,n,cer
whisper-small,taps,1000,0.2297
whisper-small,ce,1000,0.1956
whisper-small,ce_s40,1000,0.1965
whisper-small,ce_s80,1000,0.1984
whisper-small,ce_s160,1000,0.1973
whisper-small,taps_s80,1000,0.2287
whisper-small,taps_s160,1000,0.2283
whisper-small,ce_visible,1000,0.1965
whisper-small,ce_invisible,1000,0.2301
qwen3-asr-1.7b,taps,1000,0.1359
qwen3-asr-1.7b,ce,1000,0.114
qwen3-asr-1.7b,ce_s40,1000,0.1143
qwen3-asr-1.7b,ce_s80,1000,0.1141
qwen3-asr-1.7b,ce_s160,1000,0.1156
qwen3-asr-1.7b,taps_s80,1000,0.1366
qwen3-asr-1.7b,taps_s160,1000,0.1342
qwen3-asr-1.7b,ce_visible,1000,0.1143
qwen3-asr-1.7b,ce_invisible,1000,0.1356
xlsr-korean,taps,1000,0.2216
xlsr-korean,ce,1000,0.2787
xlsr-korean,ce_s40,1000,0.2761
xlsr-korean,ce_s80,1000,0.2764
xlsr-korean,ce_s160,1000,0.2749
xlsr-korean,taps_s80,1000,0.2207
xlsr-korean,taps_s160,1000,0.2201
xlsr-korean,ce_visible,1000,0.2761
xlsr-korean,ce_invisible,1000,0.2218
zipformer-ko,taps,1000,0.4245
zipformer-ko,ce,1000,0.7403
zipformer-ko,ce_s40,1000,0.7429
zipformer-ko,ce_s80,1000,0.7417
zipformer-ko,ce_s160,1000,0.7422
zipformer-ko,taps_s80,1000,0.4214
zipformer-ko,taps_s160,1000,0.4227
zipformer-ko,ce_visible,1000,0.7456
zipformer-ko,ce_invisible,1000,0.4233
