speaker,utterance,no_se,taps_pretrained,enc_best,ce_best
p00,p00_u00,0.13043478260869565,0.08695652173913043,0.10144927536231885,0.057971014492753624
p00,p00_u01,0.37142857142857144,0.18571428571428572,0.2857142857142857,0.3
p00,p00_u02,0.3064516129032258,0.22580645161290322,0.24193548387096775,0.3064516129032258
p00,p00_u03,0.1927710843373494,0.1566265060240964,0.1566265060240964,0.14457831325301204
p00,p00_u04,0.1891891891891892,0.10810810810810811,0.16216216216216217,0.0945945945945946
p00,p00_u05,0.125,0.19444444444444445,0.1388888888888889,0.125
p00,p00_u06,0.12162162162162163,0.06756756756756757,0.06756756756756757,0.08108108108108109
p00,p00_u07,0.24,0.17333333333333334,0.2,0.13333333333333333
p00,p00_u08,0.14545454545454545,0.10909090909090909,0.07272727272727272,0.03636363636363636
p00,p00_u09,0.509090909090909,0.2909090909090909,0.38181818181818183,0.2909090909090909
p00,p00_u10,0.32926829268292684,0.23170731707317074,0.25609756097560976,0.23170731707317074
p00,p00_u11,0.2,0.18181818181818182,0.14545454545454545,0.14545454545454545
p00,p00_u12,0.38095238095238093,0.21428571428571427,0.19047619047619047,0.21428571428571427
p00,p00_u13,0.3181818181818182,0.10606060606060606,0.10606060606060606,0.10606060606060606
p00,p00_u14,0.30303030303030304,0.16666666666666666,0.18181818181818182,0.13636363636363635
p00,p00_u15,0.5230769230769231,0.3384615384615385,0.38461538461538464,0.3230769230769231
p00,p00_u16,0.3,0.26666666666666666,0.21666666666666667,0.15
p00,p00_u17,0.3188405797101449,0.2463768115942029,0.2753623188405797,0.2463768115942029
p00,p00_u18,0.2413793103448276,0.14942528735632185,0.12643678160919541,0.1724137931034483
p00,p00_u19,0.16666666666666666,0.2037037037037037,0.2037037037037037,0.12962962962962962
p00,p00_u20,0.27586206896551724,0.13793103448275862,0.13793103448275862,0.16091954022988506
p00,p00_u21,0.27692307692307694,0.09230769230769231,0.16923076923076924,0.16923076923076924
p00,p00_u22,0.1095890410958904,0.1506849315068493,0.0958904109589041,0.0821917808219178
p00,p00_u23,0.18681318681318682,0.16483516483516483,0.14285714285714285,0.15384615384615385
p00,p00_u24,0.15384615384615385,0.16923076923076924,0.2,0.09230769230769231
p00,p00_u25,0.4788732394366197,0.18309859154929578,0.18309859154929578,0.1267605633802817
p00,p00_u26,0.30952380952380953,0.19047619047619047,0.19047619047619047,0.16666666666666666
p00,p00_u27,0.19736842105263158,0.15789473684210525,0.14473684210526316,0.09210526315789473
p00,p00_u28,0.2777777777777778,0.19444444444444445,0.19444444444444445,0.1527777777777778
p00,p00_u29,0.3246753246753247,0.2077922077922078,0.2857142857142857,0.2077922077922078
p00,p00_u30,0.15584415584415584,0.14285714285714285,0.14285714285714285,0.12987012987012986
p00,p00_u31,0.16666666666666666,0.13095238095238096,0.11904761904761904,0.08333333333333333
p00,p00_u32,0.22916666666666666,0.3125,0.2916666666666667,0.16666666666666666
p00,p00_u33,0.46153846153846156,0.09615384615384616,0.11538461538461539,0.09615384615384616
p00,p00_u34,0.30434782608695654,0.17391304347826086,0.15217391304347827,0.15217391304347827
p00,p00_u35,0.3191489361702128,0.2765957446808511,0.2127659574468085,0.19148936170212766
p00,p00_u36,0.25,0.14285714285714285,0.19642857142857142,0.16071428571428573
p00,p00_u37,0.14102564102564102,0.08974358974358974,0.1282051282051282,0.08974358974358974
p00,p00_u38,0.30357142857142855,0.26785714285714285,0.26785714285714285,0.25
p00,p00_u39,0.3125,0.234375,0.203125,0.21875
p00,p00_u40,0.5576923076923077,0.5576923076923077,0.5576923076923077,0.5192307692307693
p00,p00_u41,0.3968253968253968,0.23809523809523808,0.2857142857142857,0.2222222222222222
p00,p00_u42,0.35135135135135137,0.28378378378378377,0.22972972972972974,0.24324324324324326
p00,p00_u43,0.125,0.1590909090909091,0.17045454545454544,0.10227272727272728
p00,p00_u44,0.13580246913580246,0.1111111111111111,0.12345679012345678,0.1111111111111111
p00,p00_u45,0.3230769230769231,0.2153846153846154,0.2,0.2
p00,p00_u46,0.4126984126984127,0.3968253968253968,0.3333333333333333,0.2698412698412698
p00,p00_u47,0.20481927710843373,0.2891566265060241,0.2289156626506024,0.18072289156626506
p00,p00_u48,0.15,0.18333333333333332,0.13333333333333333,0.1
p00,p00_u49,0.25,0.22727272727272727,0.1590909090909091,0.13636363636363635
p00,p00_u50,0.3269230769230769,0.2692307692307692,0.3076923076923077,0.21153846153846154
p00,p00_u51,0.4411764705882353,0.3627450980392157,0.3627450980392157,0.35294117647058826
p00,p00_u52,0.14925373134328357,0.1044776119402985,0.13432835820895522,0.08955223880597014
p00,p00_u53,0.21875,0.109375,0.125,0.125
p00,p00_u54,0.6376811594202898,0.5217391304347826,0.43478260869565216,0.5072463768115942
p00,p00_u55,0.6212121212121212,0.5909090909090909,0.5303030303030303,0.5757575757575758
p00,p00_u56,0.7183098591549296,0.5352112676056338,0.5070422535211268,0.5352112676056338
p00,p00_u57,0.3125,0.2625,0.2125,0.225
p00,p00_u58,0.24691358024691357,0.2839506172839506,0.14814814814814814,0.24691358024691357
p00,p00_u59,0.24691358024691357,0.1728395061728395,0.13580246913580246,0.14814814814814814
p00,p00_u60,0.28,0.14666666666666667,0.13333333333333333,0.14666666666666667
p00,p00_u61,0.22388059701492538,0.14925373134328357,0.16417910447761194,0.13432835820895522
p00,p00_u62,0.38095238095238093,0.30158730158730157,0.25396825396825395,0.19047619047619047
p00,p00_u63,0.22641509433962265,0.1320754716981132,0.20754716981132076,0.11320754716981132
p00,p00_u64,0.4891304347826087,0.32608695652173914,0.34782608695652173,0.30434782608695654
p00,p00_u65,0.39655172413793105,0.20689655172413793,0.1896551724137931,0.27586206896551724
p00,p00_u66,0.3235294117647059,0.25,0.22058823529411764,0.20588235294117646
p00,p00_u67,0.16666666666666666,0.19696969696969696,0.13636363636363635,0.16666666666666666
p00,p00_u68,0.26136363636363635,0.2159090909090909,0.17045454545454544,0.13636363636363635
p00,p00_u69,0.21951219512195122,0.12195121951219512,0.14634146341463414,0.0975609756097561
p00,p00_u70,0.23684210526315788,0.21052631578947367,0.2236842105263158,0.19736842105263158
p00,p00_u71,0.21739130434782608,0.15217391304347827,0.17391304347826086,0.15217391304347827
p00,p00_u72,0.208955223880597,0.19402985074626866,0.16417910447761194,0.1044776119402985
p00,p00_u73,0.23404255319148937,0.2127659574468085,0.2127659574468085,0.19148936170212766
p00,p00_u74,0.3728813559322034,0.2542372881355932,0.288135593220339,0.22033898305084745
p00,p00_u75,0.17073170731707318,0.3170731707317073,0.24390243902439024,0.14634146341463414
p00,p00_u76,0.24561403508771928,0.15789473684210525,0.19298245614035087,0.08771929824561403
p00,p00_u77,0.21951219512195122,0.17073170731707318,0.21951219512195122,0.12195121951219512
p00,p00_u78,0.1232876712328767,0.1232876712328767,0.1232876712328767,0.0821917808219178
p00,p00_u79,0.22535211267605634,0.2112676056338028,0.2112676056338028,0.18309859154929578
p00,p00_u80,0.4878048780487805,0.34146341463414637,0.4878048780487805,0.43902439024390244
p00,p00_u81,0.17073170731707318,0.12195121951219512,0.14634146341463414,0.10975609756097561
p00,p00_u82,0.36363636363636365,0.25,0.22727272727272727,0.25
p00,p00_u83,0.19696969696969696,0.22727272727272727,0.22727272727272727,0.21212121212121213
p00,p00_u84,0.2413793103448276,0.10344827586206896,0.10344827586206896,0.08620689655172414
p00,p00_u85,0.17142857142857143,0.17142857142857143,0.1,0.1
p00,p00_u86,0.3387096774193548,0.20967741935483872,0.16129032258064516,0.1774193548387097
p00,p00_u87,0.1875,0.10416666666666667,0.10416666666666667,0.08333333333333333
p00,p00_u88,0.391304347826087,0.1956521739130435,0.13043478260869565,0.15217391304347827
p00,p00_u89,0.39473684210526316,0.18421052631578946,0.21052631578947367,0.13157894736842105
p00,p00_u90,0.39759036144578314,0.20481927710843373,0.25301204819277107,0.1686746987951807
p00,p00_u91,0.4523809523809524,0.19047619047619047,0.14285714285714285,0.14285714285714285
p00,p00_u92,0.30612244897959184,0.20408163265306123,0.24489795918367346,0.2857142857142857
p00,p00_u93,0.14754098360655737,0.13114754098360656,0.11475409836065574,0.11475409836065574
p00,p00_u94,0.1875,0.140625,0.1875,0.09375
p00,p00_u95,0.22807017543859648,0.19298245614035087,0.21052631578947367,0.12280701754385964
p00,p00_u96,0.21818181818181817,0.16363636363636364,0.14545454545454545,0.10909090909090909
p00,p00_u97,0.42592592592592593,0.18518518518518517,0.12962962962962962,0.16666666666666666
p00,p00_u98,0.5230769230769231,0.2,0.18461538461538463,0.15384615384615385
p00,p00_u99,0.25,0.1590909090909091,0.125,0.10227272727272728
p02,p02_u00,0.4444444444444444,0.4222222222222222,0.26666666666666666,0.26666666666666666
p02,p02_u01,0.3684210526315789,0.19298245614035087,0.2807017543859649,0.2807017543859649
p02,p02_u02,0.3384615384615385,0.23076923076923078,0.23076923076923078,0.2
p02,p02_u03,0.23404255319148937,0.3617021276595745,0.2553191489361702,0.3191489361702128
p02,p02_u04,0.18032786885245902,0.03278688524590164,0.11475409836065574,0.06557377049180328
p02,p02_u05,0.2830188679245283,0.1320754716981132,0.09433962264150944,0.03773584905660377
p02,p02_u06,0.12195121951219512,0.12195121951219512,0.13414634146341464,0.04878048780487805
p02,p02_u07,0.1794871794871795,0.0641025641025641,0.02564102564102564,0.07692307692307693
p02,p02_u08,0.32142857142857145,0.10714285714285714,0.08928571428571429,0.125
p02,p02_u09,0.2988505747126437,0.27586206896551724,0.20689655172413793,0.1724137931034483
p02,p02_u10,0.16,0.16,0.14,0.1
p02,p02_u11,0.4186046511627907,0.36046511627906974,0.32558139534883723,0.2558139534883721
p02,p02_u12,0.15584415584415584,0.15584415584415584,0.16883116883116883,0.14285714285714285
p02,p02_u13,0.09195402298850575,0.04597701149425287,0.034482758620689655,0.011494252873563218
p02,p02_u14,0.3469387755102041,0.12244897959183673,0.14285714285714285,0.10204081632653061
p02,p02_u15,0.47761194029850745,0.2835820895522388,0.26865671641791045,0.31343283582089554
p02,p02_u16,0.6530612244897959,0.2653061224489796,0.4897959183673469,0.2857142857142857
p02,p02_u17,0.44,0.26,0.22,0.28
p02,p02_u18,0.09259259259259259,0.09259259259259259,0.09259259259259259,0.0
p02,p02_u19,0.5245901639344263,0.14754098360655737,0.11475409836065574,0.01639344262295082
p02,p02_u20,0.21739130434782608,0.08695652173913043,0.15217391304347827,0.043478260869565216
p02,p02_u21,0.4,0.35,0.175,0.075
p02,p02_u22,0.1125,0.0625,0.0375,0.075
p02,p02_u23,0.3673469387755102,0.14285714285714285,0.24489795918367346,0.12244897959183673
p02,p02_u24,0.43859649122807015,0.24561403508771928,0.22807017543859648,0.10526315789473684
p02,p02_u25,0.3333333333333333,0.17777777777777778,0.2,0.1111111111111111
p02,p02_u26,0.3472222222222222,0.5138888888888888,0.2638888888888889,0.19444444444444445
p02,p02_u27,0.5272727272727272,0.4,0.509090909090909,0.3090909090909091
p02,p02_u28,0.5070422535211268,0.3380281690140845,0.29577464788732394,0.29577464788732394
p02,p02_u29,0.49019607843137253,0.4117647058823529,0.3137254901960784,0.3137254901960784
p02,p02_u30,0.3956043956043956,0.38461538461538464,0.3626373626373626,0.32967032967032966
p02,p02_u31,0.2786885245901639,0.14754098360655737,0.13114754098360656,0.14754098360655737
p02,p02_u32,0.27941176470588236,0.19117647058823528,0.17647058823529413,0.1323529411764706
p02,p02_u33,0.35,0.3333333333333333,0.38333333333333336,0.2833333333333333
p02,p02_u34,0.29545454545454547,0.18181818181818182,0.18181818181818182,0.13636363636363635
p02,p02_u35,0.25675675675675674,0.20270270270270271,0.21621621621621623,0.17567567567567569
p02,p02_u36,0.5517241379310345,0.2413793103448276,0.1896551724137931,0.15517241379310345
p02,p02_u37,0.36904761904761907,0.27380952380952384,0.21428571428571427,0.19047619047619047
p02,p02_u38,0.4,0.7777777777777778,0.3111111111111111,0.2222222222222222
p02,p02_u39,0.27058823529411763,0.23529411764705882,0.24705882352941178,0.17647058823529413
p02,p02_u40,0.35443037974683544,0.24050632911392406,0.27848101265822783,0.13924050632911392
p02,p02_u41,0.14084507042253522,0.18309859154929578,0.16901408450704225,0.16901408450704225
p02,p02_u42,0.3253012048192771,0.25301204819277107,0.24096385542168675,0.13253012048192772
p02,p02_u43,0.3684210526315789,0.19736842105263158,0.19736842105263158,0.19736842105263158
p02,p02_u44,0.5789473684210527,0.3157894736842105,0.2236842105263158,0.2631578947368421
p02,p02_u45,0.2647058823529412,0.25,0.14705882352941177,0.10294117647058823
p02,p02_u46,0.373134328358209,0.23880597014925373,0.26865671641791045,0.16417910447761194
p02,p02_u47,0.34523809523809523,0.19047619047619047,0.25,0.15476190476190477
p02,p02_u48,0.36470588235294116,0.27058823529411763,0.17647058823529413,0.10588235294117647
p02,p02_u49,0.175,0.15,0.15,0.025
p02,p02_u50,0.3424657534246575,0.1643835616438356,0.1917808219178082,0.1095890410958904
p02,p02_u51,0.41509433962264153,0.20754716981132076,0.33962264150943394,0.2641509433962264
p02,p02_u52,0.23728813559322035,0.13559322033898305,0.15254237288135594,0.15254237288135594
p02,p02_u53,0.3898305084745763,0.2033898305084746,0.1694915254237288,0.2033898305084746
p02,p02_u54,0.3111111111111111,0.25555555555555554,0.24444444444444444,0.25555555555555554
p02,p02_u55,0.323943661971831,0.22535211267605634,0.14084507042253522,0.16901408450704225
p02,p02_u56,0.5147058823529411,0.2647058823529412,0.2647058823529412,0.23529411764705882
p02,p02_u57,0.35135135135135137,0.2702702702702703,0.2702702702702703,0.2702702702702703
p02,p02_u58,0.42857142857142855,0.1746031746031746,0.15873015873015872,0.23809523809523808
p02,p02_u59,0.5471698113207547,0.3018867924528302,0.20754716981132076,0.18867924528301888
p02,p02_u60,0.3448275862068966,0.1724137931034483,0.20689655172413793,0.1724137931034483
p02,p02_u61,0.2564102564102564,0.23076923076923078,0.10256410256410256,0.05128205128205128
p02,p02_u62,0.2619047619047619,0.16666666666666666,0.07142857142857142,0.21428571428571427
p02,p02_u63,0.3108108108108108,0.21621621621621623,0.21621621621621623,0.12162162162162163
p02,p02_u64,0.35294117647058826,0.23529411764705882,0.25,0.22058823529411764
p02,p02_u65,0.26865671641791045,0.13432835820895522,0.22388059701492538,0.19402985074626866
p02,p02_u66,0.4383561643835616,0.2054794520547945,0.2054794520547945,0.2054794520547945
p02,p02_u67,0.24444444444444444,0.2,0.17777777777777778,0.08888888888888889
p02,p02_u68,0.21686746987951808,0.08433734939759036,0.0963855421686747,0.07228915662650602
p02,p02_u69,0.28125,0.109375,0.140625,0.0625
p02,p02_u70,0.14285714285714285,0.02857142857142857,0.04285714285714286,0.02857142857142857
p02,p02_u71,0.46875,0.21875,0.171875,0.15625
p02,p02_u72,0.1935483870967742,0.1774193548387097,0.1935483870967742,0.16129032258064516
p02,p02_u73,0.34782608695652173,0.2608695652173913,0.1956521739130435,0.10869565217391304
p02,p02_u74,0.3076923076923077,0.24615384615384617,0.24615384615384617,0.18461538461538463
p02,p02_u75,0.42592592592592593,0.2962962962962963,0.2222222222222222,0.2037037037037037
p02,p02_u76,0.2564102564102564,0.16666666666666666,0.24358974358974358,0.15384615384615385
p02,p02_u77,0.35135135135135137,0.21621621621621623,0.22972972972972974,0.22972972972972974
p02,p02_u78,0.3793103448275862,0.2413793103448276,0.2413793103448276,0.2413793103448276
p02,p02_u79,0.2948717948717949,0.28205128205128205,0.11538461538461539,0.1282051282051282
p02,p02_u80,0.35714285714285715,0.14285714285714285,0.2,0.14285714285714285
p02,p02_u81,0.5308641975308642,0.2839506172839506,0.19753086419753085,0.14814814814814814
p02,p02_u82,0.6029411764705882,0.4264705882352941,0.38235294117647056,0.39705882352941174
p02,p02_u83,0.475,0.375,0.4375,0.35
p02,p02_u84,0.46511627906976744,0.5232558139534884,0.5,0.4883720930232558
p02,p02_u85,0.3181818181818182,0.24242424242424243,0.18181818181818182,0.15151515151515152
p02,p02_u86,0.7457627118644068,0.711864406779661,0.6440677966101694,1.0
p02,p02_u87,0.45454545454545453,0.43636363636363634,0.41818181818181815,0.4909090909090909
p02,p02_u88,0.3333333333333333,0.24691358024691357,0.20987654320987653,0.3333333333333333
p02,p02_u89,0.4794520547945205,0.2328767123287671,0.136986301369863,0.136986301369863
p02,p02_u90,0.23943661971830985,0.15492957746478872,0.11267605633802817,0.056338028169014086
p02,p02_u91,0.2564102564102564,0.16666666666666666,0.19230769230769232,0.16666666666666666
p02,p02_u92,0.30434782608695654,0.17391304347826086,0.13043478260869565,0.08695652173913043
p02,p02_u93,0.390625,0.171875,0.1875,0.078125
p02,p02_u94,1.0,0.10909090909090909,0.09090909090909091,0.01818181818181818
p02,p02_u95,0.2698412698412698,0.20634920634920634,0.14285714285714285,0.15873015873015872
p02,p02_u96,0.20270270270270271,0.22972972972972974,0.20270270270270271,0.12162162162162163
p02,p02_u97,0.425,0.475,0.4375,0.375
p02,p02_u98,0.38596491228070173,0.2982456140350877,0.3157894736842105,0.2631578947368421
p02,p02_u99,0.5060240963855421,0.24096385542168675,0.26506024096385544,0.2891566265060241
p04,p04_u00,0.3142857142857143,0.18571428571428572,0.18571428571428572,0.12857142857142856
p04,p04_u01,0.4084507042253521,0.28169014084507044,0.30985915492957744,0.2676056338028169
p04,p04_u02,0.4268292682926829,0.23170731707317074,0.21951219512195122,0.17073170731707318
p04,p04_u03,0.5,0.41304347826086957,0.34782608695652173,0.2391304347826087
p04,p04_u04,0.6875,0.3125,0.3125,0.2916666666666667
p04,p04_u05,0.3225806451612903,0.11290322580645161,0.16129032258064516,0.016129032258064516
p04,p04_u06,0.2840909090909091,0.07954545454545454,0.14772727272727273,0.09090909090909091
p04,p04_u07,0.38028169014084506,0.2535211267605634,0.2535211267605634,0.18309859154929578
p04,p04_u08,0.2638888888888889,0.1111111111111111,0.1111111111111111,0.19444444444444445
p04,p04_u09,0.725,0.6416666666666667,0.6,0.575
p04,p04_u10,0.41935483870967744,0.22580645161290322,0.2903225806451613,0.3064516129032258
p04,p04_u11,0.3877551020408163,0.3469387755102041,0.3469387755102041,0.3673469387755102
p04,p04_u12,0.4423076923076923,0.25,0.28846153846153844,0.17307692307692307
p04,p04_u13,0.43548387096774194,0.3870967741935484,0.3064516129032258,0.3387096774193548
p04,p04_u14,0.36923076923076925,0.27692307692307694,0.26153846153846155,0.24615384615384617
p04,p04_u15,0.27586206896551724,0.1724137931034483,0.12643678160919541,0.13793103448275862
p04,p04_u16,0.35294117647058826,0.20588235294117646,0.19117647058823528,0.22058823529411764
p04,p04_u17,0.2982456140350877,0.3157894736842105,0.2631578947368421,0.15789473684210525
p04,p04_u18,0.41935483870967744,0.25806451612903225,0.25806451612903225,0.24731182795698925
p04,p04_u19,0.37662337662337664,0.2077922077922078,0.2857142857142857,0.18181818181818182
p04,p04_u20,0.367816091954023,0.19540229885057472,0.1839080459770115,0.20689655172413793
p04,p04_u21,0.3684210526315789,0.19298245614035087,0.21052631578947367,0.14035087719298245
p04,p04_u22,0.5,0.2631578947368421,0.23684210526315788,0.18421052631578946
p04,p04_u23,0.3125,0.171875,0.109375,0.109375
p04,p04_u24,0.21153846153846154,0.11538461538461539,0.15384615384615385,0.019230769230769232
p04,p04_u25,0.27058823529411763,0.2,0.2,0.11764705882352941
p04,p04_u26,0.4358974358974359,0.1282051282051282,0.15384615384615385,0.05128205128205128
p04,p04_u27,0.37037037037037035,0.2962962962962963,0.20987654320987653,0.2962962962962963
p04,p04_u28,0.2898550724637681,0.18840579710144928,0.17391304347826086,0.15942028985507245
p04,p04_u29,0.3269230769230769,0.28846153846153844,0.3076923076923077,0.2692307692307692
p04,p04_u30,0.375,0.3068181818181818,0.25,0.25
p04,p04_u31,0.2786885245901639,0.16393442622950818,0.13114754098360656,0.13114754098360656
p04,p04_u32,0.2,0.14285714285714285,0.15714285714285714,0.14285714285714285
p04,p04_u33,0.375,0.16071428571428573,0.05357142857142857,0.05357142857142857
p04,p04_u34,0.421875,0.1875,0.171875,0.15625
p04,p04_u35,0.625,0.25,0.225,0.175
p04,p04_u36,0.2727272727272727,0.10909090909090909,0.18181818181818182,0.12727272727272726
p04,p04_u37,0.4794520547945205,0.3424657534246575,0.3972602739726027,0.273972602739726
p04,p04_u38,0.3333333333333333,0.27380952380952384,0.21428571428571427,0.20238095238095238
p04,p04_u39,0.22972972972972974,0.10810810810810811,0.08108108108108109,0.0945945945945946
p04,p04_u40,0.3793103448275862,0.1896551724137931,0.1896551724137931,0.10344827586206896
p04,p04_u41,0.3191489361702128,0.1276595744680851,0.10638297872340426,0.1276595744680851
p04,p04_u42,0.1320754716981132,0.11320754716981132,0.05660377358490566,0.03773584905660377
p04,p04_u43,1.0,0.14666666666666667,0.12,0.13333333333333333
p04,p04_u44,0.32894736842105265,0.10526315789473684,0.10526315789473684,0.09210526315789473
p04,p04_u45,0.6595744680851063,0.2553191489361702,0.3191489361702128,0.2765957446808511
p04,p04_u46,0.7272727272727273,0.6060606060606061,0.6666666666666666,0.6060606060606061
p04,p04_u47,0.18518518518518517,0.16049382716049382,0.1111111111111111,0.09876543209876543
p04,p04_u48,0.2823529411764706,0.16470588235294117,0.17647058823529413,0.15294117647058825
p04,p04_u49,0.49019607843137253,0.3333333333333333,0.37254901960784315,0.29411764705882354
p04,p04_u50,0.3148148148148148,0.14814814814814814,0.12962962962962962,0.09259259259259259
p04,p04_u51,0.6271186440677966,0.4406779661016949,0.4576271186440678,0.3898305084745763
p04,p04_u52,0.46153846153846156,0.27692307692307694,0.2153846153846154,0.18461538461538463
p04,p04_u53,0.43478260869565216,0.2608695652173913,0.2391304347826087,0.2391304347826087
p04,p04_u54,0.3170731707317073,0.12195121951219512,0.024390243902439025,0.0975609756097561
p04,p04_u55,0.49122807017543857,0.24561403508771928,0.19298245614035087,0.10526315789473684
p04,p04_u56,0.5285714285714286,0.2714285714285714,0.21428571428571427,0.18571428571428572
p04,p04_u57,0.34523809523809523,0.23809523809523808,0.16666666666666666,0.10714285714285714
p04,p04_u58,0.2711864406779661,0.13559322033898305,0.15254237288135594,0.0847457627118644
p04,p04_u59,0.38095238095238093,0.20634920634920634,0.20634920634920634,0.1746031746031746
p04,p04_u60,0.4057971014492754,0.2318840579710145,0.14492753623188406,0.15942028985507245
p04,p04_u61,0.4578313253012048,0.24096385542168675,0.27710843373493976,0.2289156626506024
p04,p04_u62,0.30434782608695654,0.2608695652173913,0.32608695652173914,0.2391304347826087
p04,p04_u63,0.38596491228070173,0.21052631578947367,0.3333333333333333,0.21052631578947367
p04,p04_u64,0.3333333333333333,0.24561403508771928,0.21052631578947367,0.14035087719298245
p04,p04_u65,0.24390243902439024,0.04878048780487805,0.04878048780487805,0.0975609756097561
p04,p04_u66,0.23255813953488372,0.20930232558139536,0.2558139534883721,0.11627906976744186
p04,p04_u67,0.21818181818181817,0.16363636363636364,0.18181818181818182,0.10909090909090909
p04,p04_u68,0.37777777777777777,0.044444444444444446,0.08888888888888889,0.06666666666666667
p04,p04_u69,0.25,0.125,0.10714285714285714,0.05357142857142857
p04,p04_u70,0.23684210526315788,0.10526315789473684,0.09210526315789473,0.06578947368421052
p04,p04_u71,0.32926829268292684,0.15853658536585366,0.18292682926829268,0.15853658536585366
p04,p04_u72,0.4461538461538462,0.1076923076923077,0.18461538461538463,0.13846153846153847
p04,p04_u73,0.3050847457627119,0.1864406779661017,0.15254237288135594,0.1864406779661017
p04,p04_u74,0.40298507462686567,0.29850746268656714,0.1791044776119403,0.19402985074626866
p04,p04_u75,0.5571428571428572,0.38571428571428573,0.3142857142857143,0.34285714285714286
p04,p04_u76,0.6825396825396826,0.49206349206349204,0.5555555555555556,0.5079365079365079
p04,p04_u77,0.46296296296296297,0.35185185185185186,0.2962962962962963,0.25925925925925924
p04,p04_u78,0.34,0.18,0.22,0.24
p04,p04_u79,0.35185185185185186,0.24074074074074073,0.2037037037037037,0.18518518518518517
p04,p04_u80,0.44,0.18,0.06,0.08
p04,p04_u81,0.4418604651162791,0.27906976744186046,0.32558139534883723,0.3488372093023256
p04,p04_u82,0.22535211267605634,0.09859154929577464,0.056338028169014086,0.09859154929577464
p04,p04_u83,0.4157303370786517,0.23595505617977527,0.2696629213483146,0.2808988764044944
p04,p04_u84,0.4936708860759494,0.31645569620253167,0.25316455696202533,0.2911392405063291
p04,p04_u85,0.14102564102564102,0.16666666666666666,0.14102564102564102,0.15384615384615385
p04,p04_u86,0.375,0.171875,0.109375,0.15625
p04,p04_u87,0.410958904109589,0.2328767123287671,0.1917808219178082,0.1643835616438356
p04,p04_u88,0.46511627906976744,0.18604651162790697,0.26744186046511625,0.18604651162790697
p04,p04_u89,0.4246575342465753,0.2191780821917808,0.2191780821917808,0.2465753424657534
p04,p04_u90,0.3076923076923077,0.3384615384615385,0.3230769230769231,0.2923076923076923
p04,p04_u91,0.41975308641975306,0.2839506172839506,0.2839506172839506,0.24691358024691357
p04,p04_u92,0.45,0.21666666666666667,0.18333333333333332,0.16666666666666666
p04,p04_u93,0.3448275862068966,0.2413793103448276,0.06896551724137931,0.22413793103448276
p04,p04_u94,0.2909090909090909,0.2727272727272727,0.2,0.2
p04,p04_u95,0.5434782608695652,0.2826086956521739,0.2391304347826087,0.17391304347826086
p04,p04_u96,0.23529411764705882,0.16176470588235295,0.19117647058823528,0.1323529411764706
p04,p04_u97,0.43103448275862066,0.25862068965517243,0.22413793103448276,0.1896551724137931
p04,p04_u98,0.2962962962962963,0.12962962962962962,0.24074074074074073,0.09259259259259259
p04,p04_u99,0.20588235294117646,0.10294117647058823,0.1323529411764706,0.1323529411764706
p21,p21_u00,0.46938775510204084,0.24489795918367346,0.2653061224489796,0.24489795918367346
p21,p21_u01,0.4107142857142857,0.25,0.25,0.14285714285714285
p21,p21_u02,0.40384615384615385,0.21153846153846154,0.21153846153846154,0.19230769230769232
p21,p21_u03,0.4024390243902439,0.24390243902439024,0.23170731707317074,0.18292682926829268
p21,p21_u04,0.13636363636363635,0.13636363636363635,0.13636363636363635,0.09090909090909091
p21,p21_u05,0.20634920634920634,0.09523809523809523,0.15873015873015872,0.031746031746031744
p21,p21_u06,0.34285714285714286,0.1,0.08571428571428572,0.1
p21,p21_u07,0.4307692307692308,0.12307692307692308,0.12307692307692308,0.24615384615384617
p21,p21_u08,0.5531914893617021,0.1276595744680851,0.14893617021276595,0.19148936170212766
p21,p21_u09,0.359375,0.15625,0.15625,0.15625
p21,p21_u10,0.43902439024390244,0.4146341463414634,0.4146341463414634,0.24390243902439024
p21,p21_u11,0.19047619047619047,0.19047619047619047,0.1746031746031746,0.09523809523809523
p21,p21_u12,0.3269230769230769,0.36538461538461536,0.3269230769230769,0.17307692307692307
p21,p21_u13,0.32653061224489793,0.16326530612244897,0.16326530612244897,0.10204081632653061
p21,p21_u14,0.42857142857142855,0.1746031746031746,0.2698412698412698,0.12698412698412698
p21,p21_u15,0.2839506172839506,0.18518518518518517,0.19753086419753085,0.2222222222222222
p21,p21_u16,0.4426229508196721,0.2459016393442623,0.26229508196721313,0.21311475409836064
p21,p21_u17,0.19736842105263158,0.17105263157894737,0.15789473684210525,0.10526315789473684
p21,p21_u18,0.2413793103448276,0.1724137931034483,0.1896551724137931,0.1724137931034483
p21,p21_u19,0.15,0.06666666666666667,0.06666666666666667,0.06666666666666667
p21,p21_u20,0.49230769230769234,0.24615384615384617,0.23076923076923078,0.23076923076923078
p21,p21_u21,0.19696969696969696,0.09090909090909091,0.06060606060606061,0.030303030303030304
p21,p21_u22,0.23404255319148937,0.0851063829787234,0.02127659574468085,0.02127659574468085
p21,p21_u23,0.3170731707317073,0.07317073170731707,0.0975609756097561,0.024390243902439025
p21,p21_u24,0.2,0.1,0.16,0.06
p21,p21_u25,0.23529411764705882,0.09803921568627451,0.09803921568627451,0.0392156862745098
p21,p21_u26,0.3111111111111111,0.022222222222222223,0.13333333333333333,0.044444444444444446
p21,p21_u27,0.2708333333333333,0.20833333333333334,0.1875,0.125
p21,p21_u28,0.375,0.05357142857142857,0.10714285714285714,0.05357142857142857
p21,p21_u29,0.38596491228070173,0.2631578947368421,0.2807017543859649,0.14035087719298245
p21,p21_u30,0.4153846153846154,0.16923076923076924,0.15384615384615385,0.1076923076923077
p21,p21_u31,0.325,0.2,0.2,0.125
p21,p21_u32,0.39215686274509803,0.35294117647058826,0.35294117647058826,0.3137254901960784
p21,p21_u33,0.16279069767441862,0.23255813953488372,0.2558139534883721,0.13953488372093023
p21,p21_u34,0.44,0.36,0.44,0.34
p21,p21_u35,0.2911392405063291,0.12658227848101267,0.24050632911392406,0.10126582278481013
p21,p21_u36,0.375,0.25,0.125,0.10416666666666667
p21,p21_u37,0.1891891891891892,0.08108108108108109,0.12162162162162163,0.12162162162162163
p21,p21_u38,0.189873417721519,0.189873417721519,0.21518987341772153,0.22784810126582278
p21,p21_u39,0.3076923076923077,0.11538461538461539,0.1794871794871795,0.14102564102564102
p21,p21_u40,0.36619718309859156,0.18309859154929578,0.2112676056338028,0.23943661971830985
p21,p21_u41,0.48148148148148145,0.5,0.42592592592592593,0.2962962962962963
p21,p21_u42,0.45,0.3125,0.375,0.3375
p21,p21_u43,0.625,0.234375,0.28125,0.171875
p21,p21_u44,0.41818181818181815,0.2545454545454545,0.2,0.2909090909090909
p21,p21_u45,0.22916666666666666,0.2708333333333333,0.14583333333333334,0.10416666666666667
p21,p21_u46,0.4666666666666667,0.31666666666666665,0.3333333333333333,0.23333333333333334
p21,p21_u47,0.37037037037037035,0.4074074074074074,0.42592592592592593,0.24074074074074073
p21,p21_u48,0.36363636363636365,0.23636363636363636,0.34545454545454546,0.2
p21,p21_u49,0.7023809523809523,0.32142857142857145,0.34523809523809523,0.34523809523809523
p21,p21_u50,0.32,0.22666666666666666,0.17333333333333334,0.17333333333333334
p21,p21_u51,0.3684210526315789,0.22807017543859648,0.22807017543859648,0.22807017543859648
p21,p21_u52,0.5151515151515151,0.30303030303030304,0.3333333333333333,0.24242424242424243
p21,p21_u53,0.2463768115942029,0.2608695652173913,0.3188405797101449,0.2028985507246377
p21,p21_u54,0.1794871794871795,0.28205128205128205,0.20512820512820512,0.05128205128205128
p21,p21_u55,0.2222222222222222,0.14814814814814814,0.18518518518518517,0.14814814814814814
p21,p21_u56,0.2727272727272727,0.11363636363636363,0.1590909090909091,0.06818181818181818
p21,p21_u57,0.23404255319148937,0.14893617021276595,0.19148936170212766,0.1702127659574468
p21,p21_u58,0.35064935064935066,0.19480519480519481,0.19480519480519481,0.09090909090909091
p21,p21_u59,0.3466666666666667,0.25333333333333335,0.2,0.16
p21,p21_u60,0.3055555555555556,0.19444444444444445,0.18055555555555555,0.1527777777777778
p21,p21_u61,0.28,0.26,0.22,0.14
p21,p21_u62,0.38461538461538464,0.25274725274725274,0.21978021978021978,0.26373626373626374
p21,p21_u63,0.36470588235294116,0.23529411764705882,0.24705882352941178,0.27058823529411763
p21,p21_u64,0.20967741935483872,0.08064516129032258,0.06451612903225806,0.016129032258064516
p21,p21_u65,0.3246753246753247,0.42857142857142855,0.44155844155844154,0.2987012987012987
p21,p21_u66,0.5362318840579711,0.2898550724637681,0.37681159420289856,0.2463768115942029
p21,p21_u67,0.40625,0.109375,0.109375,0.125
p21,p21_u68,0.1875,0.041666666666666664,0.041666666666666664,0.020833333333333332
p21,p21_u69,0.40625,0.22916666666666666,0.2916666666666667,0.25
p21,p21_u70,0.34285714285714286,0.12857142857142856,0.22857142857142856,0.1
p21,p21_u71,0.4411764705882353,0.4117647058823529,0.35294117647058826,0.36764705882352944
p21,p21_u72,0.4666666666666667,0.23333333333333334,0.23333333333333334,0.16666666666666666
p21,p21_u73,0.35714285714285715,0.30952380952380953,0.35714285714285715,0.16666666666666666
p21,p21_u74,0.16666666666666666,0.05555555555555555,0.1111111111111111,0.09259259259259259
p21,p21_u75,0.352112676056338,0.19718309859154928,0.2112676056338028,0.1267605633802817
p21,p21_u76,0.4788732394366197,0.39436619718309857,0.39436619718309857,0.3380281690140845
p21,p21_u77,0.48148148148148145,0.2962962962962963,0.25925925925925924,0.25925925925925924
p21,p21_u78,0.3076923076923077,0.2923076923076923,0.23076923076923078,0.18461538461538463
p21,p21_u79,0.22388059701492538,0.19402985074626866,0.208955223880597,0.11940298507462686
p21,p21_u80,0.4430379746835443,0.3670886075949367,0.24050632911392406,0.1518987341772152
p21,p21_u81,0.29333333333333333,0.30666666666666664,0.24,0.14666666666666667
p21,p21_u82,0.3384615384615385,0.35384615384615387,0.3230769230769231,0.26153846153846155
p21,p21_u83,0.59375,0.34375,0.34375,0.34375
p21,p21_u84,0.5,0.29545454545454547,0.375,0.25
p21,p21_u85,0.5192307692307693,0.23076923076923078,0.19230769230769232,0.19230769230769232
p21,p21_u86,0.46153846153846156,0.3333333333333333,0.2692307692307692,0.1794871794871795
p21,p21_u87,0.5189873417721519,0.43037974683544306,0.2911392405063291,0.20253164556962025
p21,p21_u88,0.47619047619047616,0.1746031746031746,0.3492063492063492,0.25396825396825395
p21,p21_u89,0.3181818181818182,0.1590909090909091,0.1590909090909091,0.1590909090909091
p21,p21_u90,0.85,0.125,0.225,0.15
p21,p21_u91,0.32786885245901637,0.2459016393442623,0.26229508196721313,0.26229508196721313
p21,p21_u92,0.5,0.34615384615384615,0.2948717948717949,0.32051282051282054
p21,p21_u93,0.41379310344827586,0.4482758620689655,0.40229885057471265,0.3218390804597701
p21,p21_u94,0.29069767441860467,0.26744186046511625,0.19767441860465115,0.20930232558139536
p21,p21_u95,0.4583333333333333,0.3958333333333333,0.3125,0.25
p21,p21_u96,0.43548387096774194,0.24193548387096775,0.27419354838709675,0.22580645161290322
p21,p21_u97,0.6181818181818182,0.32727272727272727,0.41818181818181815,0.32727272727272727
p21,p21_u98,0.3522727272727273,0.32954545454545453,0.29545454545454547,0.3068181818181818
p21,p21_u99,0.46296296296296297,0.2037037037037037,0.2037037037037037,0.14814814814814814
p24,p24_u00,0.7297297297297297,0.1891891891891892,0.2972972972972973,0.13513513513513514
p24,p24_u01,0.6825396825396826,0.20634920634920634,0.2857142857142857,0.2857142857142857
p24,p24_u02,0.4772727272727273,0.3181818181818182,0.22727272727272727,0.20454545454545456
p24,p24_u03,0.6493506493506493,0.2077922077922078,0.24675324675324675,0.14285714285714285
p24,p24_u04,0.5747126436781609,0.22988505747126436,0.22988505747126436,0.16091954022988506
p24,p24_u05,0.4189189189189189,0.22972972972972974,0.25675675675675674,0.21621621621621623
p24,p24_u06,0.828125,0.203125,0.15625,0.140625
p24,p24_u07,0.813953488372093,0.313953488372093,0.32558139534883723,0.29069767441860467
p24,p24_u08,0.8695652173913043,0.2463768115942029,0.2318840579710145,0.21739130434782608
p24,p24_u09,0.5652173913043478,0.06521739130434782,0.13043478260869565,0.08695652173913043
p24,p24_u10,0.5168539325842697,0.20224719101123595,0.21348314606741572,0.2247191011235955
p24,p24_u11,0.6923076923076923,0.24615384615384617,0.2923076923076923,0.26153846153846155
p24,p24_u12,0.5227272727272727,0.3181818181818182,0.13636363636363635,0.2727272727272727
p24,p24_u13,0.7142857142857143,0.11904761904761904,0.14285714285714285,0.23809523809523808
p24,p24_u14,0.6410256410256411,0.07692307692307693,0.15384615384615385,0.07692307692307693
p24,p24_u15,0.7818181818181819,0.4,0.4909090909090909,0.2545454545454545
p24,p24_u16,0.7424242424242424,0.21212121212121213,0.4090909090909091,0.22727272727272727
p24,p24_u17,0.6818181818181818,0.2727272727272727,0.29545454545454547,0.29545454545454547
p24,p24_u18,0.5595238095238095,0.2619047619047619,0.35714285714285715,0.21428571428571427
p24,p24_u19,0.5869565217391305,0.15217391304347827,0.2391304347826087,0.17391304347826086
p24,p24_u20,0.5178571428571429,0.23214285714285715,0.21428571428571427,0.25
p24,p24_u21,0.515625,0.21875,0.203125,0.125
p24,p24_u22,0.40816326530612246,0.2857142857142857,0.20408163265306123,0.2857142857142857
p24,p24_u23,0.5357142857142857,0.125,0.05357142857142857,0.0
p24,p24_u24,0.582089552238806,0.26865671641791045,0.23880597014925373,0.13432835820895522
p24,p24_u25,0.4810126582278481,0.21518987341772153,0.24050632911392406,0.13924050632911392
p24,p24_u26,0.359375,0.09375,0.15625,0.046875
p24,p24_u27,0.589041095890411,0.3287671232876712,0.2191780821917808,0.1643835616438356
p24,p24_u28,0.5757575757575758,0.22727272727272727,0.2878787878787879,0.21212121212121213
p24,p24_u29,0.27419354838709675,0.12903225806451613,0.14516129032258066,0.03225806451612903
p24,p24_u30,0.5538461538461539,0.3384615384615385,0.3076923076923077,0.18461538461538463
p24,p24_u31,0.2753623188405797,0.028985507246376812,0.043478260869565216,0.057971014492753624
p24,p24_u32,0.5333333333333333,0.17333333333333334,0.05333333333333334,0.08
p24,p24_u33,0.5584415584415584,0.24675324675324675,0.2857142857142857,0.14285714285714285
p24,p24_u34,0.9117647058823529,0.4852941176470588,0.5441176470588235,0.4411764705882353
p24,p24_u35,0.5641025641025641,0.1282051282051282,0.10256410256410256,0.1282051282051282
p24,p24_u36,0.48717948717948717,0.20512820512820512,0.2564102564102564,0.20512820512820512
p24,p24_u37,0.6461538461538462,0.26153846153846155,0.27692307692307694,0.24615384615384617
p24,p24_u38,0.4444444444444444,0.2,0.28888888888888886,0.2
p24,p24_u39,0.47619047619047616,0.25,0.23809523809523808,0.16666666666666666
p24,p24_u40,0.7391304347826086,0.3695652173913043,0.34782608695652173,0.3695652173913043
p24,p24_u41,0.620253164556962,0.22784810126582278,0.26582278481012656,0.16455696202531644
p24,p24_u42,0.5571428571428572,0.2,0.22857142857142856,0.24285714285714285
p24,p24_u43,0.43243243243243246,0.17567567567567569,0.13513513513513514,0.20270270270270271
p24,p24_u44,0.5714285714285714,0.06349206349206349,0.15873015873015872,0.14285714285714285
p24,p24_u45,0.6470588235294118,0.3088235294117647,0.29411764705882354,0.23529411764705882
p24,p24_u46,0.5,0.2,0.2,0.26666666666666666
p24,p24_u47,0.31666666666666665,0.16666666666666666,0.2,0.11666666666666667
p24,p24_u48,0.6710526315789473,0.18421052631578946,0.2894736842105263,0.17105263157894737
p24,p24_u49,0.589041095890411,0.1780821917808219,0.1917808219178082,0.2876712328767123
p24,p24_u50,0.6133333333333333,0.25333333333333335,0.14666666666666667,0.10666666666666667
p24,p24_u51,0.7142857142857143,0.27472527472527475,0.37362637362637363,0.21978021978021978
p24,p24_u52,0.7647058823529411,0.10294117647058823,0.23529411764705882,0.11764705882352941
p24,p24_u53,0.4166666666666667,0.2361111111111111,0.25,0.125
p24,p24_u54,0.723404255319149,0.3829787234042553,0.3829787234042553,0.3829787234042553
p24,p24_u55,0.7307692307692307,0.28846153846153844,0.2692307692307692,0.3269230769230769
p24,p24_u56,0.5806451612903226,0.20967741935483872,0.16129032258064516,0.12903225806451613
p24,p24_u57,0.6805555555555556,0.4027777777777778,0.3888888888888889,0.375
p24,p24_u58,0.36231884057971014,0.15942028985507245,0.17391304347826086,0.043478260869565216
p24,p24_u59,0.5957446808510638,0.1702127659574468,0.3404255319148936,0.19148936170212766
p24,p24_u60,0.5135135135135135,0.2702702702702703,0.28378378378378377,0.24324324324324326
p24,p24_u61,0.5952380952380952,0.19047619047619047,0.30952380952380953,0.14285714285714285
p24,p24_u62,0.5909090909090909,0.36363636363636365,0.3333333333333333,0.21212121212121213
p24,p24_u63,0.5425531914893617,0.35106382978723405,0.2978723404255319,0.3723404255319149
p24,p24_u64,0.6333333333333333,0.2,0.23333333333333334,0.2111111111111111
p24,p24_u65,0.46511627906976744,0.27906976744186046,0.2441860465116279,0.19767441860465115
p24,p24_u66,0.359375,0.15625,0.171875,0.078125
p24,p24_u67,0.6575342465753424,0.2328767123287671,0.2465753424657534,0.2602739726027397
p24,p24_u68,0.6987951807228916,0.1927710843373494,0.14457831325301204,0.1566265060240964
p24,p24_u69,0.6461538461538462,0.3384615384615385,0.24615384615384617,0.2153846153846154
p24,p24_u70,0.631578947368421,0.3508771929824561,0.3508771929824561,0.45614035087719296
p24,p24_u71,0.5178571428571429,0.2857142857142857,0.32142857142857145,0.25
p24,p24_u72,0.5783132530120482,0.18072289156626506,0.1927710843373494,0.1566265060240964
p24,p24_u73,0.5245901639344263,0.26229508196721313,0.2459016393442623,0.26229508196721313
p24,p24_u74,0.711864406779661,0.2033898305084746,0.2542372881355932,0.1864406779661017
p24,p24_u75,0.75,0.36764705882352944,0.36764705882352944,0.3088235294117647
p24,p24_u76,0.3492063492063492,0.15873015873015872,0.23809523809523808,0.1111111111111111
p24,p24_u77,0.6612903225806451,0.3387096774193548,0.45161290322580644,0.3064516129032258
p24,p24_u78,0.6351351351351351,0.2702702702702703,0.22972972972972974,0.14864864864864866
p24,p24_u79,0.5432098765432098,0.24691358024691357,0.2716049382716049,0.13580246913580246
p24,p24_u80,0.3670886075949367,0.20253164556962025,0.25316455696202533,0.17721518987341772
p24,p24_u81,0.704225352112676,0.16901408450704225,0.23943661971830985,0.15492957746478872
p24,p24_u82,0.4948453608247423,0.3917525773195876,0.422680412371134,0.30927835051546393
p24,p24_u83,0.7682926829268293,0.2804878048780488,0.3048780487804878,0.2804878048780488
p24,p24_u84,0.5975609756097561,0.3048780487804878,0.2926829268292683,0.21951219512195122
p24,p24_u85,0.625,0.1875,0.1875,0.1375
p24,p24_u86,0.42592592592592593,0.2037037037037037,0.18518518518518517,0.07407407407407407
p24,p24_u87,0.6666666666666666,0.4782608695652174,0.463768115942029,0.3333333333333333
p24,p24_u88,0.4,0.22666666666666666,0.24,0.24
p24,p24_u89,0.4107142857142857,0.125,0.08928571428571429,0.10714285714285714
p24,p24_u90,0.6229508196721312,0.21311475409836064,0.22950819672131148,0.09836065573770492
p24,p24_u91,0.625,0.3392857142857143,0.375,0.26785714285714285
p24,p24_u92,0.4772727272727273,0.1590909090909091,0.22727272727272727,0.20454545454545456
p24,p24_u93,0.625,0.375,0.390625,0.1875
p24,p24_u94,0.5194805194805194,0.15584415584415584,0.16883116883116883,0.18181818181818182
p24,p24_u95,0.5882352941176471,0.17647058823529413,0.23529411764705882,0.16176470588235295
p24,p24_u96,0.4406779661016949,0.22033898305084745,0.23728813559322035,0.2033898305084746
p24,p24_u97,0.7868852459016393,0.32786885245901637,0.3442622950819672,0.19672131147540983
p24,p24_u98,0.6710526315789473,0.3157894736842105,0.2631578947368421,0.2894736842105263
p24,p24_u99,0.5490196078431373,0.27450980392156865,0.29411764705882354,0.27450980392156865
p26,p26_u00,0.6607142857142857,0.25,0.3392857142857143,0.21428571428571427
p26,p26_u01,0.6790123456790124,0.2839506172839506,0.2962962962962963,0.14814814814814814
p26,p26_u02,0.7162162162162162,0.3108108108108108,0.2702702702702703,0.24324324324324326
p26,p26_u03,0.6307692307692307,0.09230769230769231,0.09230769230769231,0.09230769230769231
p26,p26_u04,0.5416666666666666,0.3125,0.3333333333333333,0.2916666666666667
p26,p26_u05,0.6463414634146342,0.32926829268292684,0.2682926829268293,0.23170731707317074
p26,p26_u06,0.5625,0.075,0.075,0.125
p26,p26_u07,0.5753424657534246,0.273972602739726,0.3150684931506849,0.2054794520547945
p26,p26_u08,0.56,0.32,0.48,0.24
p26,p26_u09,0.7325581395348837,0.29069767441860467,0.3372093023255814,0.22093023255813954
p26,p26_u10,0.704225352112676,0.323943661971831,0.323943661971831,0.30985915492957744
p26,p26_u11,0.8536585365853658,0.4634146341463415,0.35365853658536583,0.21951219512195122
p26,p26_u12,0.6483516483516484,0.31868131868131866,0.2967032967032967,0.2857142857142857
p26,p26_u13,0.8070175438596491,0.3684210526315789,0.3508771929824561,0.2982456140350877
p26,p26_u14,0.5333333333333333,0.4,0.28888888888888886,0.24444444444444444
p26,p26_u15,0.4339622641509434,0.32075471698113206,0.33962264150943394,0.20754716981132076
p26,p26_u16,0.6470588235294118,0.19607843137254902,0.17647058823529413,0.09803921568627451
p26,p26_u17,0.5888888888888889,0.35555555555555557,0.4,0.3
p26,p26_u18,0.7,0.25,0.13333333333333333,0.03333333333333333
p26,p26_u19,0.6571428571428571,0.38571428571428573,0.32857142857142857,0.24285714285714285
p26,p26_u20,0.7887323943661971,0.30985915492957744,0.4647887323943662,0.14084507042253522
p26,p26_u21,0.6292134831460674,0.2696629213483146,0.25842696629213485,0.25842696629213485
p26,p26_u22,0.6329113924050633,0.35443037974683544,0.27848101265822783,0.1518987341772152
p26,p26_u23,0.8095238095238095,0.25,0.25,0.19047619047619047
p26,p26_u24,0.881578947368421,0.34210526315789475,0.47368421052631576,0.27631578947368424
p26,p26_u25,0.5694444444444444,0.4583333333333333,0.4444444444444444,0.4166666666666667
p26,p26_u26,0.9830508474576272,0.6440677966101694,0.5423728813559322,0.423728813559322
p26,p26_u27,0.8545454545454545,0.32727272727272727,0.34545454545454546,0.2727272727272727
p26,p26_u28,0.620253164556962,0.189873417721519,0.1518987341772152,0.02531645569620253
p26,p26_u29,0.6415094339622641,0.33962264150943394,0.3584905660377358,0.2641509433962264
p26,p26_u30,0.7627118644067796,0.3728813559322034,0.4745762711864407,0.3728813559322034
p26,p26_u31,0.7083333333333334,0.16666666666666666,0.2222222222222222,0.05555555555555555
p26,p26_u32,0.8431372549019608,0.45098039215686275,0.3333333333333333,0.29411764705882354
p26,p26_u33,0.8170731707317073,0.3170731707317073,0.4268292682926829,0.21951219512195122
p26,p26_u34,1.0,0.3283582089552239,0.3283582089552239,0.22388059701492538
p26,p26_u35,0.7678571428571429,0.2857142857142857,0.32142857142857145,0.17857142857142858
p26,p26_u36,0.75,0.2125,0.2125,0.2
p26,p26_u37,0.6753246753246753,0.18181818181818182,0.23376623376623376,0.1038961038961039
p26,p26_u38,0.9285714285714286,0.44642857142857145,0.35714285714285715,0.375
p26,p26_u39,0.7727272727272727,0.4772727272727273,0.38636363636363635,0.45454545454545453
p26,p26_u40,0.8356164383561644,0.410958904109589,0.3835616438356164,0.3013698630136986
p26,p26_u41,0.7692307692307693,0.3269230769230769,0.36538461538461536,0.23076923076923078
p26,p26_u42,0.7457627118644068,0.2711864406779661,0.3389830508474576,0.2033898305084746
p26,p26_u43,0.7090909090909091,0.38181818181818183,0.34545454545454546,0.2909090909090909
p26,p26_u44,0.6885245901639344,0.26229508196721313,0.29508196721311475,0.11475409836065574
p26,p26_u45,0.6375,0.1625,0.1375,0.1
p26,p26_u46,0.7796610169491526,0.2542372881355932,0.1694915254237288,0.13559322033898305
p26,p26_u47,0.7115384615384616,0.17307692307692307,0.23076923076923078,0.1346153846153846
p26,p26_u48,0.8181818181818182,0.19696969696969696,0.2727272727272727,0.21212121212121213
p26,p26_u49,0.49206349206349204,0.15873015873015872,0.19047619047619047,0.047619047619047616
p26,p26_u50,0.7681159420289855,0.14492753623188406,0.21739130434782608,0.18840579710144928
p26,p26_u51,0.7833333333333333,0.3,0.2833333333333333,0.31666666666666665
p26,p26_u52,0.7466666666666667,0.2,0.18666666666666668,0.09333333333333334
p26,p26_u53,1.0,0.43283582089552236,0.3582089552238806,0.29850746268656714
p26,p26_u54,0.75,0.27631578947368424,0.35526315789473684,0.35526315789473684
p26,p26_u55,0.6415094339622641,0.33962264150943394,0.33962264150943394,0.22641509433962265
p26,p26_u56,1.0,0.3,0.3,0.3125
p26,p26_u57,0.7567567567567568,0.35135135135135137,0.35135135135135137,0.3108108108108108
p26,p26_u58,0.8055555555555556,0.375,0.4027777777777778,0.3472222222222222
p26,p26_u59,0.9859154929577465,0.36619718309859156,0.36619718309859156,0.2535211267605634
p26,p26_u60,0.8481012658227848,0.31645569620253167,0.27848101265822783,0.31645569620253167
p26,p26_u61,0.782608695652174,0.4492753623188406,0.391304347826087,0.463768115942029
p26,p26_u62,0.8904109589041096,0.4246575342465753,0.3972602739726027,0.3424657534246575
p26,p26_u63,0.8208955223880597,0.3880597014925373,0.40298507462686567,0.2835820895522388
p26,p26_u64,0.7407407407407407,0.2222222222222222,0.2839506172839506,0.2222222222222222
p26,p26_u65,0.6941176470588235,0.3058823529411765,0.21176470588235294,0.16470588235294117
p26,p26_u66,0.7971014492753623,0.34782608695652173,0.463768115942029,0.2898550724637681
p26,p26_u67,0.6140350877192983,0.24561403508771928,0.2807017543859649,0.22807017543859648
p26,p26_u68,0.7931034482758621,0.3103448275862069,0.3620689655172414,0.22413793103448276
p26,p26_u69,0.7,0.175,0.1625,0.1875
p26,p26_u70,0.9302325581395349,0.46511627906976744,0.3488372093023256,0.27906976744186046
p26,p26_u71,0.5061728395061729,0.2222222222222222,0.24691358024691357,0.25925925925925924
p26,p26_u72,0.8229166666666666,0.5729166666666666,0.53125,0.4791666666666667
p26,p26_u73,0.8392857142857143,0.26785714285714285,0.35714285714285715,0.25
p26,p26_u74,0.8181818181818182,0.3409090909090909,0.29545454545454547,0.1590909090909091
p26,p26_u75,0.8732394366197183,0.22535211267605634,0.28169014084507044,0.2676056338028169
p26,p26_u76,0.7936507936507936,0.25396825396825395,0.25396825396825395,0.23809523809523808
p26,p26_u77,0.6727272727272727,0.2727272727272727,0.23636363636363636,0.2545454545454545
p26,p26_u78,0.8333333333333334,0.3888888888888889,0.2962962962962963,0.3333333333333333
p26,p26_u79,0.74,0.24,0.38,0.22
p26,p26_u80,0.8470588235294118,0.3058823529411765,0.27058823529411763,0.15294117647058825
p26,p26_u81,0.8775510204081632,0.20408163265306123,0.24489795918367346,0.24489795918367346
p26,p26_u82,0.578125,0.34375,0.328125,0.296875
p26,p26_u83,0.7868852459016393,0.32786885245901637,0.3114754098360656,0.2459016393442623
p26,p26_u84,0.7246376811594203,0.34782608695652173,0.34782608695652173,0.3188405797101449
p26,p26_u85,0.6626506024096386,0.21686746987951808,0.3855421686746988,0.1927710843373494
p26,p26_u86,0.7613636363636364,0.3068181818181818,0.3181818181818182,0.22727272727272727
p26,p26_u87,0.6911764705882353,0.3235294117647059,0.29411764705882354,0.3088235294117647
p26,p26_u88,0.6595744680851063,0.10638297872340426,0.1702127659574468,0.0851063829787234
p26,p26_u89,0.5194805194805194,0.16883116883116883,0.18181818181818182,0.14285714285714285
p26,p26_u90,0.6428571428571429,0.30357142857142855,0.19642857142857142,0.17857142857142858
p26,p26_u91,0.5952380952380952,0.21428571428571427,0.14285714285714285,0.07142857142857142
p26,p26_u92,0.7758620689655172,0.4482758620689655,0.43103448275862066,0.46551724137931033
p26,p26_u93,0.49206349206349204,0.2222222222222222,0.19047619047619047,0.12698412698412698
p26,p26_u94,0.6923076923076923,0.28846153846153844,0.2692307692307692,0.3269230769230769
p26,p26_u95,0.7590361445783133,0.37349397590361444,0.3373493975903614,0.27710843373493976
p26,p26_u96,0.875,0.484375,0.515625,0.484375
p26,p26_u97,0.7346938775510204,0.24489795918367346,0.24489795918367346,0.16326530612244897
p26,p26_u98,0.8048780487804879,0.36585365853658536,0.2682926829268293,0.18292682926829268
p26,p26_u99,0.6610169491525424,0.288135593220339,0.2542372881355932,0.1864406779661017
p32,p32_u00,0.6666666666666666,0.3333333333333333,0.36,0.14666666666666667
p32,p32_u01,0.6363636363636364,0.3409090909090909,0.38636363636363635,0.26136363636363635
p32,p32_u02,0.6129032258064516,0.14516129032258066,0.11290322580645161,0.14516129032258066
p32,p32_u03,0.5223880597014925,0.07462686567164178,0.16417910447761194,0.07462686567164178
p32,p32_u04,0.5714285714285714,0.2619047619047619,0.38095238095238093,0.21428571428571427
p32,p32_u05,0.5641025641025641,0.28205128205128205,0.2564102564102564,0.1282051282051282
p32,p32_u06,0.38596491228070173,0.14035087719298245,0.14035087719298245,0.03508771929824561
p32,p32_u07,0.581081081081081,0.28378378378378377,0.32432432432432434,0.2972972972972973
p32,p32_u08,0.8529411764705882,0.25,0.17647058823529413,0.17647058823529413
p32,p32_u09,0.5434782608695652,0.32608695652173914,0.34782608695652173,0.21739130434782608
p32,p32_u10,0.6222222222222222,0.4666666666666667,0.4888888888888889,0.35555555555555557
p32,p32_u11,0.88,0.2,0.28,0.16
p32,p32_u12,0.3898305084745763,0.0847457627118644,0.0847457627118644,0.03389830508474576
p32,p32_u13,0.4418604651162791,0.11627906976744186,0.2558139534883721,0.16279069767441862
p32,p32_u14,0.582089552238806,0.208955223880597,0.26865671641791045,0.14925373134328357
p32,p32_u15,0.5588235294117647,0.20588235294117646,0.25,0.22058823529411764
p32,p32_u16,0.8461538461538461,0.3076923076923077,0.4423076923076923,0.3076923076923077
p32,p32_u17,0.7272727272727273,0.29545454545454547,0.29545454545454547,0.1590909090909091
p32,p32_u18,0.49206349206349204,0.1746031746031746,0.20634920634920634,0.1746031746031746
p32,p32_u19,0.3333333333333333,0.2222222222222222,0.24074074074074073,0.14814814814814814
p32,p32_u20,0.5614035087719298,0.12280701754385964,0.03508771929824561,0.05263157894736842
p32,p32_u21,0.5476190476190477,0.19047619047619047,0.2619047619047619,0.07142857142857142
p32,p32_u22,0.4807692307692308,0.25,0.28846153846153844,0.21153846153846154
p32,p32_u23,0.4375,0.25,0.25,0.203125
p32,p32_u24,0.4782608695652174,0.2608695652173913,0.31521739130434784,0.21739130434782608
p32,p32_u25,0.46938775510204084,0.16326530612244897,0.2653061224489796,0.10204081632653061
p32,p32_u26,0.7111111111111111,0.3,0.3111111111111111,0.2222222222222222
p32,p32_u27,0.4473684210526316,0.39473684210526316,0.34210526315789475,0.18421052631578946
p32,p32_u28,0.5,0.3125,0.296875,0.21875
p32,p32_u29,0.8260869565217391,0.08695652173913043,0.13043478260869565,0.06521739130434782
p32,p32_u30,0.6746987951807228,0.13253012048192772,0.1927710843373494,0.1686746987951807
p32,p32_u31,0.696969696969697,0.36363636363636365,0.3484848484848485,0.3484848484848485
p32,p32_u32,0.5443037974683544,0.3291139240506329,0.3291139240506329,0.3037974683544304
p32,p32_u33,0.5822784810126582,0.31645569620253167,0.31645569620253167,0.2911392405063291
p32,p32_u34,0.62,0.24,0.16,0.16
p32,p32_u35,0.5753424657534246,0.1917808219178082,0.2054794520547945,0.1780821917808219
p32,p32_u36,0.5789473684210527,0.3508771929824561,0.2807017543859649,0.17543859649122806
p32,p32_u37,0.509090909090909,0.2,0.2909090909090909,0.23636363636363636
p32,p32_u38,0.7692307692307693,0.3076923076923077,0.2923076923076923,0.2
p32,p32_u39,0.5425531914893617,0.2765957446808511,0.30851063829787234,0.2765957446808511
p32,p32_u40,0.5652173913043478,0.2608695652173913,0.3188405797101449,0.2608695652173913
p32,p32_u41,0.4722222222222222,0.2777777777777778,0.4444444444444444,0.3194444444444444
p32,p32_u42,0.5409836065573771,0.16393442622950818,0.2786885245901639,0.16393442622950818
p32,p32_u43,0.31343283582089554,0.11940298507462686,0.07462686567164178,0.05970149253731343
p32,p32_u44,0.66,0.22,0.2,0.12
p32,p32_u45,0.5616438356164384,0.4383561643835616,0.4520547945205479,0.3835616438356164
p32,p32_u46,0.6986301369863014,0.4383561643835616,0.4520547945205479,0.3698630136986301
p32,p32_u47,0.5288461538461539,0.4326923076923077,0.47115384615384615,0.3942307692307692
p32,p32_u48,0.6923076923076923,0.3333333333333333,0.41025641025641024,0.3333333333333333
p32,p32_u49,0.29577464788732394,0.28169014084507044,0.2535211267605634,0.19718309859154928
p32,p32_u50,1.0,0.5517241379310345,0.6379310344827587,0.5517241379310345
p32,p32_u51,0.5882352941176471,0.04411764705882353,0.10294117647058823,0.029411764705882353
p32,p32_u52,0.676056338028169,0.2676056338028169,0.36619718309859156,0.28169014084507044
p32,p32_u53,0.5487804878048781,0.3048780487804878,0.3048780487804878,0.25609756097560976
p32,p32_u54,0.6923076923076923,0.48717948717948717,0.41025641025641024,0.47435897435897434
p32,p32_u55,0.5609756097560976,0.15853658536585366,0.1951219512195122,0.10975609756097561
p32,p32_u56,0.4696969696969697,0.25757575757575757,0.21212121212121213,0.12121212121212122
p32,p32_u57,0.4264705882352941,0.16176470588235295,0.14705882352941177,0.07352941176470588
p32,p32_u58,0.7752808988764045,0.21348314606741572,0.24719101123595505,0.11235955056179775
p32,p32_u59,0.4675324675324675,0.3116883116883117,0.2077922077922078,0.2077922077922078
p32,p32_u60,0.5540540540540541,0.25675675675675674,0.13513513513513514,0.13513513513513514
p32,p32_u61,0.717391304347826,0.30434782608695654,0.30434782608695654,0.2391304347826087
p32,p32_u62,0.8636363636363636,0.1590909090909091,0.1590909090909091,0.1590909090909091
p32,p32_u63,0.40350877192982454,0.19298245614035087,0.14035087719298245,0.12280701754385964
p32,p32_u64,0.4666666666666667,0.11666666666666667,0.1,0.08333333333333333
p32,p32_u65,0.49056603773584906,0.2641509433962264,0.09433962264150944,0.1320754716981132
p32,p32_u66,0.3508771929824561,0.19298245614035087,0.17543859649122806,0.12280701754385964
p32,p32_u67,0.5517241379310345,0.10344827586206896,0.1896551724137931,0.10344827586206896
p32,p32_u68,0.41935483870967744,0.11290322580645161,0.0967741935483871,0.08064516129032258
p32,p32_u69,0.5348837209302325,0.16279069767441862,0.18604651162790697,0.18604651162790697
p32,p32_u70,0.24444444444444444,0.06666666666666667,0.022222222222222223,0.044444444444444446
p32,p32_u71,0.6666666666666666,0.2807017543859649,0.24561403508771928,0.10526315789473684
p32,p32_u72,0.3924050632911392,0.08860759493670886,0.11392405063291139,0.06329113924050633
p32,p32_u73,0.2619047619047619,0.23809523809523808,0.21428571428571427,0.14285714285714285
p32,p32_u74,0.574468085106383,0.1276595744680851,0.14893617021276595,0.10638297872340426
p32,p32_u75,0.45652173913043476,0.15217391304347827,0.17391304347826086,0.06521739130434782
p32,p32_u76,0.5,0.24074074074074073,0.2037037037037037,0.1111111111111111
p32,p32_u77,0.5178571428571429,0.35714285714285715,0.39285714285714285,0.35714285714285715
p32,p32_u78,0.6470588235294118,0.29411764705882354,0.25882352941176473,0.15294117647058825
p32,p32_u79,0.863013698630137,0.3150684931506849,0.3424657534246575,0.2328767123287671
p32,p32_u80,0.65,0.25,0.23333333333333334,0.16666666666666666
p32,p32_u81,0.6417910447761194,0.13432835820895522,0.1791044776119403,0.08955223880597014
p32,p32_u82,0.4927536231884058,0.30434782608695654,0.3188405797101449,0.2608695652173913
p32,p32_u83,0.5443037974683544,0.35443037974683544,0.34177215189873417,0.2911392405063291
p32,p32_u84,0.6746987951807228,0.43373493975903615,0.3132530120481928,0.27710843373493976
p32,p32_u85,0.8518518518518519,0.35185185185185186,0.3148148148148148,0.25925925925925924
p32,p32_u86,0.75,0.3125,0.4166666666666667,0.20833333333333334
p32,p32_u87,0.6170212765957447,0.14893617021276595,0.1702127659574468,0.10638297872340426
p32,p32_u88,0.38596491228070173,0.05263157894736842,0.14035087719298245,0.05263157894736842
p32,p32_u89,0.5306122448979592,0.32653061224489793,0.3469387755102041,0.2653061224489796
p32,p32_u90,0.6170212765957447,0.14893617021276595,0.2127659574468085,0.23404255319148937
p32,p32_u91,0.34375,0.046875,0.203125,0.0625
p32,p32_u92,0.7377049180327869,0.22950819672131148,0.21311475409836064,0.16393442622950818
p32,p32_u93,0.855072463768116,0.463768115942029,0.4782608695652174,0.391304347826087
p32,p32_u94,0.4827586206896552,0.06896551724137931,0.08620689655172414,0.13793103448275862
p32,p32_u95,0.5405405405405406,0.43243243243243246,0.1891891891891892,0.13513513513513514
p32,p32_u96,0.5434782608695652,0.13043478260869565,0.10869565217391304,0.08695652173913043
p32,p32_u97,0.4146341463414634,0.14634146341463414,0.12195121951219512,0.07317073170731707
p32,p32_u98,0.6607142857142857,0.30357142857142855,0.39285714285714285,0.2857142857142857
p32,p32_u99,0.6111111111111112,0.25925925925925924,0.24074074074074073,0.2222222222222222
p38,p38_u00,0.42105263157894735,0.24561403508771928,0.3157894736842105,0.22807017543859648
p38,p38_u01,0.37209302325581395,0.27906976744186046,0.2558139534883721,0.26744186046511625
p38,p38_u02,0.390625,0.234375,0.3125,0.234375
p38,p38_u03,0.5352112676056338,0.4084507042253521,0.4647887323943662,0.39436619718309857
p38,p38_u04,0.37037037037037035,0.2962962962962963,0.2777777777777778,0.14814814814814814
p38,p38_u05,0.36923076923076925,0.35384615384615387,0.24615384615384617,0.2153846153846154
p38,p38_u06,0.21428571428571427,0.21428571428571427,0.25,0.19642857142857142
p38,p38_u07,0.5,0.26785714285714285,0.23214285714285715,0.19642857142857142
p38,p38_u08,0.22916666666666666,0.2708333333333333,0.375,0.14583333333333334
p38,p38_u09,0.37894736842105264,0.3263157894736842,0.3368421052631579,0.2631578947368421
p38,p38_u10,0.3793103448275862,0.3448275862068966,0.3563218390804598,0.27586206896551724
p38,p38_u11,0.2619047619047619,0.2619047619047619,0.11904761904761904,0.09523809523809523
p38,p38_u12,0.37333333333333335,0.18666666666666668,0.14666666666666667,0.14666666666666667
p38,p38_u13,0.3728813559322034,0.22033898305084745,0.2033898305084746,0.1016949152542373
p38,p38_u14,0.171875,0.21875,0.28125,0.171875
p38,p38_u15,0.22784810126582278,0.35443037974683544,0.34177215189873417,0.20253164556962025
p38,p38_u16,0.25396825396825395,0.20634920634920634,0.19047619047619047,0.12698412698412698
p38,p38_u17,0.14,0.16,0.18,0.08
p38,p38_u18,0.18181818181818182,0.19696969696969696,0.18181818181818182,0.15151515151515152
p38,p38_u19,0.20512820512820512,0.20512820512820512,0.1794871794871795,0.10256410256410256
p38,p38_u20,0.234375,0.203125,0.265625,0.1875
p38,p38_u21,0.24074074074074073,0.05555555555555555,0.09259259259259259,0.037037037037037035
p38,p38_u22,0.17567567567567569,0.08108108108108109,0.0945945945945946,0.04054054054054054
p38,p38_u23,0.3392857142857143,0.3392857142857143,0.3392857142857143,0.16071428571428573
p38,p38_u24,0.2,0.15,0.125,0.125
p38,p38_u25,0.2826086956521739,0.06521739130434782,0.021739130434782608,0.06521739130434782
p38,p38_u26,0.3902439024390244,0.4634146341463415,0.4878048780487805,0.36585365853658536
p38,p38_u27,0.38666666666666666,0.36,0.36,0.25333333333333335
p38,p38_u28,0.38596491228070173,0.3508771929824561,0.38596491228070173,0.24561403508771928
p38,p38_u29,0.09090909090909091,0.18181818181818182,0.1590909090909091,0.045454545454545456
p38,p38_u30,0.36363636363636365,0.4155844155844156,0.2727272727272727,0.2857142857142857
p38,p38_u31,0.2,0.18571428571428572,0.21428571428571427,0.08571428571428572
p38,p38_u32,0.22807017543859648,0.3157894736842105,0.2631578947368421,0.19298245614035087
p38,p38_u33,0.3508771929824561,0.22807017543859648,0.19298245614035087,0.24561403508771928
p38,p38_u34,0.26744186046511625,0.22093023255813954,0.22093023255813954,0.1511627906976744
p38,p38_u35,0.2923076923076923,0.13846153846153847,0.12307692307692308,0.07692307692307693
p38,p38_u36,0.12244897959183673,0.10204081632653061,0.1836734693877551,0.10204081632653061
p38,p38_u37,0.078125,0.078125,0.046875,0.046875
p38,p38_u38,0.2903225806451613,0.27419354838709675,0.27419354838709675,0.25806451612903225
p38,p38_u39,0.45098039215686275,0.27450980392156865,0.3137254901960784,0.17647058823529413
p38,p38_u40,0.3787878787878788,0.4090909090909091,0.3333333333333333,0.3787878787878788
p38,p38_u41,0.4230769230769231,0.23076923076923078,0.23076923076923078,0.1346153846153846
p38,p38_u42,0.36538461538461536,0.4230769230769231,0.4230769230769231,0.3076923076923077
p38,p38_u43,0.2962962962962963,0.3333333333333333,0.2037037037037037,0.18518518518518517
p38,p38_u44,0.2916666666666667,0.16666666666666666,0.1111111111111111,0.027777777777777776
p38,p38_u45,0.2028985507246377,0.14492753623188406,0.15942028985507245,0.18840579710144928
p38,p38_u46,0.30612244897959184,0.22448979591836735,0.20408163265306123,0.14285714285714285
p38,p38_u47,0.296875,0.171875,0.171875,0.15625
p38,p38_u48,0.225,0.15,0.15,0.1
p38,p38_u49,0.43564356435643564,0.32673267326732675,0.31683168316831684,0.297029702970297
p38,p38_u50,0.109375,0.0625,0.0625,0.0625
p38,p38_u51,0.3194444444444444,0.3888888888888889,0.3194444444444444,0.2638888888888889
p38,p38_u52,0.5423728813559322,0.6440677966101694,0.864406779661017,0.423728813559322
p38,p38_u53,0.2857142857142857,0.17142857142857143,0.22857142857142856,0.22857142857142856
p38,p38_u54,0.475,0.375,0.35,0.275
p38,p38_u55,0.24390243902439024,0.2682926829268293,0.2682926829268293,0.1951219512195122
p38,p38_u56,0.3090909090909091,0.38181818181818183,0.32727272727272727,0.3090909090909091
p38,p38_u57,0.37777777777777777,0.28888888888888886,0.28888888888888886,0.022222222222222223
p38,p38_u58,0.7631578947368421,0.5,0.5263157894736842,0.5526315789473685
p38,p38_u59,0.7586206896551724,0.7931034482758621,0.7586206896551724,0.8275862068965517
p38,p38_u60,0.6041666666666666,0.3541666666666667,0.3541666666666667,0.2916666666666667
p38,p38_u61,0.475,0.2375,0.275,0.1625
p38,p38_u62,0.4528301886792453,0.2830188679245283,0.11320754716981132,0.1320754716981132
p38,p38_u63,0.5633802816901409,0.39436619718309857,0.4084507042253521,0.19718309859154928
p38,p38_u64,0.5121951219512195,0.2926829268292683,0.3170731707317073,0.17073170731707318
p38,p38_u65,0.28169014084507044,0.23943661971830985,0.18309859154929578,0.18309859154929578
p38,p38_u66,0.36923076923076925,0.2,0.15384615384615385,0.23076923076923078
p38,p38_u67,0.288135593220339,0.2033898305084746,0.2033898305084746,0.15254237288135594
p38,p38_u68,0.3191489361702128,0.2765957446808511,0.2978723404255319,0.10638297872340426
p38,p38_u69,0.5957446808510638,0.48936170212765956,0.48936170212765956,0.40425531914893614
p38,p38_u70,0.46153846153846156,0.37362637362637363,0.25274725274725274,0.21978021978021978
p38,p38_u71,0.19444444444444445,0.2777777777777778,0.3055555555555556,0.1388888888888889
p38,p38_u72,0.3018867924528302,0.2830188679245283,0.2830188679245283,0.20754716981132076
p38,p38_u73,0.35555555555555557,0.26666666666666666,0.28888888888888886,0.08888888888888889
p38,p38_u74,0.4305555555555556,0.2638888888888889,0.2916666666666667,0.3055555555555556
p38,p38_u75,0.25675675675675674,0.14864864864864866,0.1891891891891892,0.16216216216216217
p38,p38_u76,0.2692307692307692,0.25,0.28846153846153844,0.21153846153846154
p38,p38_u77,0.189873417721519,0.20253164556962025,0.22784810126582278,0.10126582278481013
p38,p38_u78,0.2830188679245283,0.3018867924528302,0.3018867924528302,0.2830188679245283
p38,p38_u79,0.48936170212765956,0.3404255319148936,0.3404255319148936,0.2127659574468085
p38,p38_u80,0.4576271186440678,0.3220338983050847,0.3220338983050847,0.3050847457627119
p38,p38_u81,0.2571428571428571,0.18571428571428572,0.17142857142857143,0.1
p38,p38_u82,0.10344827586206896,0.11494252873563218,0.12643678160919541,0.034482758620689655
p38,p38_u83,0.359375,0.25,0.34375,0.234375
p38,p38_u84,0.2676056338028169,0.18309859154929578,0.2535211267605634,0.18309859154929578
p38,p38_u85,0.22413793103448276,0.29310344827586204,0.39655172413793105,0.1724137931034483
p38,p38_u86,0.5818181818181818,0.45454545454545453,0.32727272727272727,0.18181818181818182
p38,p38_u87,0.5192307692307693,0.40384615384615385,0.38461538461538464,0.36538461538461536
p38,p38_u88,0.3898305084745763,0.3389830508474576,0.3389830508474576,0.22033898305084745
p38,p38_u89,0.43478260869565216,0.42391304347826086,0.40217391304347827,0.2608695652173913
p38,p38_u90,0.425,0.275,0.4,0.2
p38,p38_u91,0.27848101265822783,0.189873417721519,0.16455696202531644,0.13924050632911392
p38,p38_u92,0.3382352941176471,0.22058823529411764,0.20588235294117646,0.08823529411764706
p38,p38_u93,0.4318181818181818,0.3181818181818182,0.23863636363636365,0.3068181818181818
p38,p38_u94,0.19298245614035087,0.17543859649122806,0.17543859649122806,0.10526315789473684
p38,p38_u95,0.30434782608695654,0.17391304347826086,0.13043478260869565,0.08695652173913043
p38,p38_u96,0.38461538461538464,0.38461538461538464,0.24358974358974358,0.1794871794871795
p38,p38_u97,0.2261904761904762,0.21428571428571427,0.14285714285714285,0.10714285714285714
p38,p38_u98,0.2073170731707317,0.1951219512195122,0.14634146341463414,0.08536585365853659
p38,p38_u99,0.46296296296296297,0.3888888888888889,0.3148148148148148,0.3148148148148148
p41,p41_u00,0.8026315789473685,0.2631578947368421,0.25,0.18421052631578946
p41,p41_u01,0.6091954022988506,0.20689655172413793,0.1724137931034483,0.1724137931034483
p41,p41_u02,0.6746987951807228,0.2891566265060241,0.3493975903614458,0.3253012048192771
p41,p41_u03,0.5,0.325,0.2,0.125
p41,p41_u04,0.3411764705882353,0.1411764705882353,0.15294117647058825,0.08235294117647059
p41,p41_u05,0.55,0.225,0.1375,0.0875
p41,p41_u06,0.7,0.21666666666666667,0.1,0.15
p41,p41_u07,0.4230769230769231,0.28846153846153844,0.38461538461538464,0.28846153846153844
p41,p41_u08,0.4666666666666667,0.30666666666666664,0.26666666666666666,0.21333333333333335
p41,p41_u09,0.5813953488372093,0.37209302325581395,0.46511627906976744,0.3023255813953488
p41,p41_u10,0.6976744186046512,0.3953488372093023,0.3023255813953488,0.23255813953488372
p41,p41_u11,0.5918367346938775,0.3877551020408163,0.30612244897959184,0.30612244897959184
p41,p41_u12,0.5,0.28125,0.3125,0.296875
p41,p41_u13,0.38461538461538464,0.15384615384615385,0.15384615384615385,0.1282051282051282
p41,p41_u14,0.525,0.175,0.175,0.175
p41,p41_u15,0.4444444444444444,0.25925925925925924,0.2222222222222222,0.14814814814814814
p41,p41_u16,0.6730769230769231,0.4230769230769231,0.4807692307692308,0.36538461538461536
p41,p41_u17,0.5952380952380952,0.40476190476190477,0.38095238095238093,0.32142857142857145
p41,p41_u18,0.4861111111111111,0.2361111111111111,0.25,0.16666666666666666
p41,p41_u19,0.40350877192982454,0.43859649122807015,0.2807017543859649,0.14035087719298245
p41,p41_u20,0.5384615384615384,0.38461538461538464,0.34615384615384615,0.28846153846153844
p41,p41_u21,0.5142857142857142,0.4,0.4142857142857143,0.4
p41,p41_u22,0.3835616438356164,0.1232876712328767,0.1232876712328767,0.0410958904109589
p41,p41_u23,0.5476190476190477,0.39285714285714285,0.42857142857142855,0.39285714285714285
p41,p41_u24,0.2682926829268293,0.14634146341463414,0.1951219512195122,0.12195121951219512
p41,p41_u25,0.36231884057971014,0.3188405797101449,0.3333333333333333,0.2608695652173913
p41,p41_u26,0.3508771929824561,0.3333333333333333,0.3333333333333333,0.3333333333333333
p41,p41_u27,0.5454545454545454,0.2,0.23636363636363636,0.14545454545454545
p41,p41_u28,0.3287671232876712,0.2876712328767123,0.3013698630136986,0.136986301369863
p41,p41_u29,0.44680851063829785,0.23404255319148937,0.2553191489361702,0.10638297872340426
p41,p41_u30,0.3230769230769231,0.23076923076923078,0.3230769230769231,0.12307692307692308
p41,p41_u31,0.42,0.22,0.28,0.32
p41,p41_u32,0.37254901960784315,0.29411764705882354,0.27450980392156865,0.21568627450980393
p41,p41_u33,0.325,0.175,0.25,0.1125
p41,p41_u34,0.46153846153846156,0.36538461538461536,0.25,0.21153846153846154
p41,p41_u35,0.4594594594594595,0.3108108108108108,0.3108108108108108,0.32432432432432434
p41,p41_u36,0.4714285714285714,0.32857142857142857,0.38571428571428573,0.3142857142857143
p41,p41_u37,0.55,0.38333333333333336,0.3333333333333333,0.2833333333333333
p41,p41_u38,0.47692307692307695,0.24615384615384617,0.2923076923076923,0.24615384615384617
p41,p41_u39,0.2876712328767123,0.1232876712328767,0.1643835616438356,0.0684931506849315
p41,p41_u40,0.08928571428571429,0.08928571428571429,0.10714285714285714,0.08928571428571429
p41,p41_u41,0.375,0.15625,0.203125,0.203125
p41,p41_u42,0.5625,0.16666666666666666,0.125,0.10416666666666667
p41,p41_u43,0.34545454545454546,0.2,0.2,0.2727272727272727
p41,p41_u44,0.47058823529411764,0.19607843137254902,0.27450980392156865,0.21568627450980393
p41,p41_u45,0.6888888888888889,0.2,0.35555555555555557,0.2
p41,p41_u46,0.52,0.21333333333333335,0.16,0.17333333333333334
p41,p41_u47,0.37209302325581395,0.20930232558139536,0.27906976744186046,0.046511627906976744
p41,p41_u48,0.47297297297297297,0.2702702702702703,0.24324324324324326,0.20270270270270271
p41,p41_u49,0.3375,0.1625,0.275,0.15
p41,p41_u50,0.3048780487804878,0.15853658536585366,0.13414634146341464,0.12195121951219512
p41,p41_u51,0.48484848484848486,0.25757575757575757,0.24242424242424243,0.2727272727272727
p41,p41_u52,0.7419354838709677,0.3064516129032258,0.3870967741935484,0.24193548387096775
p41,p41_u53,0.5294117647058824,0.39215686274509803,0.27450980392156865,0.29411764705882354
p41,p41_u54,0.625,0.40625,0.390625,0.265625
p41,p41_u55,0.38181818181818183,0.34545454545454546,0.34545454545454546,0.2545454545454545
p41,p41_u56,0.53125,0.1875,0.25,0.15625
p41,p41_u57,0.6507936507936508,0.5714285714285714,0.5396825396825397,0.5396825396825397
p41,p41_u58,0.527027027027027,0.22972972972972974,0.28378378378378377,0.28378378378378377
p41,p41_u59,0.45588235294117646,0.20588235294117646,0.20588235294117646,0.16176470588235295
p41,p41_u60,0.5909090909090909,0.11363636363636363,0.29545454545454547,0.3409090909090909
p41,p41_u61,0.5263157894736842,0.30526315789473685,0.3263157894736842,0.28421052631578947
p41,p41_u62,0.6301369863013698,0.2328767123287671,0.2465753424657534,0.1917808219178082
p41,p41_u63,0.5714285714285714,0.47619047619047616,0.42857142857142855,0.30158730158730157
p41,p41_u64,0.6976744186046512,0.18604651162790697,0.23255813953488372,0.32558139534883723
p41,p41_u65,0.5925925925925926,0.25925925925925924,0.24074074074074073,0.18518518518518517
p41,p41_u66,0.5121951219512195,0.2682926829268293,0.24390243902439024,0.12195121951219512
p41,p41_u67,0.6440677966101694,0.4406779661016949,0.3559322033898305,0.3389830508474576
p41,p41_u68,0.651685393258427,0.39325842696629215,0.42696629213483145,0.3146067415730337
p41,p41_u69,0.6702127659574468,0.4148936170212766,0.3829787234042553,0.35106382978723405
p41,p41_u70,0.41333333333333333,0.22666666666666666,0.21333333333333335,0.18666666666666668
p41,p41_u71,0.5972222222222222,0.3888888888888889,0.4583333333333333,0.3055555555555556
p41,p41_u72,0.46808510638297873,0.3404255319148936,0.2553191489361702,0.2553191489361702
p41,p41_u73,0.43548387096774194,0.2903225806451613,0.2903225806451613,0.20967741935483872
p41,p41_u74,0.6833333333333333,0.31666666666666665,0.31666666666666665,0.16666666666666666
p41,p41_u75,0.5833333333333334,0.2708333333333333,0.3333333333333333,0.1875
p41,p41_u76,0.8979591836734694,0.3673469387755102,0.40816326530612246,0.2653061224489796
p41,p41_u77,0.41304347826086957,0.34782608695652173,0.2391304347826087,0.2826086956521739
p41,p41_u78,0.46153846153846156,0.24615384615384617,0.27692307692307694,0.26153846153846155
p41,p41_u79,0.3888888888888889,0.18518518518518517,0.2037037037037037,0.05555555555555555
p41,p41_u80,0.509090909090909,0.2909090909090909,0.23636363636363636,0.2545454545454545
p41,p41_u81,0.7619047619047619,0.09523809523809523,0.19047619047619047,0.21428571428571427
p41,p41_u82,0.64,0.16,0.34,0.16
p41,p41_u83,0.7352941176470589,0.2647058823529412,0.29411764705882354,0.22058823529411764
p41,p41_u84,0.851063829787234,0.3191489361702128,0.46808510638297873,0.2765957446808511
p41,p41_u85,0.6705882352941176,0.4470588235294118,0.4470588235294118,0.32941176470588235
p41,p41_u86,0.78,0.32,0.38,0.2
p41,p41_u87,0.7532467532467533,0.38961038961038963,0.4155844155844156,0.2857142857142857
p41,p41_u88,0.5064935064935064,0.2987012987012987,0.35064935064935066,0.23376623376623376
p41,p41_u89,0.5625,0.390625,0.34375,0.3125
p41,p41_u90,0.7058823529411765,0.4411764705882353,0.36764705882352944,0.29411764705882354
p41,p41_u91,0.5679012345679012,0.1728395061728395,0.14814814814814814,0.07407407407407407
p41,p41_u92,0.7755102040816326,0.4489795918367347,0.5306122448979592,0.24489795918367346
p41,p41_u93,0.5543478260869565,0.22826086956521738,0.2391304347826087,0.22826086956521738
p41,p41_u94,0.6086956521739131,0.30434782608695654,0.43478260869565216,0.2826086956521739
p41,p41_u95,0.5806451612903226,0.3225806451612903,0.3763440860215054,0.3763440860215054
p41,p41_u96,0.5925925925925926,0.3333333333333333,0.2962962962962963,0.25925925925925924
p41,p41_u97,0.6607142857142857,0.26785714285714285,0.25,0.25
p41,p41_u98,0.24324324324324326,0.10810810810810811,0.20270270270270271,0.0945945945945946
p41,p41_u99,0.7380952380952381,0.6190476190476191,0.4523809523809524,0.38095238095238093
p56,p56_u00,0.52,0.12,0.12,0.13333333333333333
p56,p56_u01,0.5645161290322581,0.3064516129032258,0.3225806451612903,0.1774193548387097
p56,p56_u02,0.4642857142857143,0.2857142857142857,0.26785714285714285,0.25
p56,p56_u03,0.574468085106383,0.2553191489361702,0.3191489361702128,0.23404255319148937
p56,p56_u04,0.3559322033898305,0.2033898305084746,0.2033898305084746,0.1864406779661017
p56,p56_u05,0.6136363636363636,0.3409090909090909,0.3181818181818182,0.3409090909090909
p56,p56_u06,0.6329113924050633,0.21518987341772153,0.13924050632911392,0.13924050632911392
p56,p56_u07,0.6285714285714286,0.3,0.3142857142857143,0.3
p56,p56_u08,0.71875,0.375,0.3333333333333333,0.23958333333333334
p56,p56_u09,0.7045454545454546,0.38636363636363635,0.29545454545454547,0.2727272727272727
p56,p56_u10,0.3953488372093023,0.18604651162790697,0.18604651162790697,0.16279069767441862
p56,p56_u11,0.7285714285714285,0.2571428571428571,0.3,0.2714285714285714
p56,p56_u12,0.4418604651162791,0.20930232558139536,0.18604651162790697,0.06976744186046512
p56,p56_u13,0.3902439024390244,0.1951219512195122,0.21951219512195122,0.12195121951219512
p56,p56_u14,0.8072289156626506,0.3373493975903614,0.30120481927710846,0.3614457831325301
p56,p56_u15,0.45588235294117646,0.22058823529411764,0.20588235294117646,0.16176470588235295
p56,p56_u16,0.37777777777777777,0.4222222222222222,0.35555555555555557,0.26666666666666666
p56,p56_u17,0.5901639344262295,0.18032786885245902,0.19672131147540983,0.14754098360655737
p56,p56_u18,0.4126984126984127,0.25396825396825395,0.15873015873015872,0.09523809523809523
p56,p56_u19,0.43902439024390244,0.0975609756097561,0.0975609756097561,0.07317073170731707
p56,p56_u20,0.4666666666666667,0.022222222222222223,0.2222222222222222,0.08888888888888889
p56,p56_u21,0.4915254237288136,0.2711864406779661,0.4576271186440678,0.2711864406779661
p56,p56_u22,0.4032258064516129,0.12903225806451613,0.1774193548387097,0.1935483870967742
p56,p56_u23,0.6666666666666666,0.25,0.20833333333333334,0.14583333333333334
p56,p56_u24,0.8301886792452831,0.22641509433962265,0.20754716981132076,0.1509433962264151
p56,p56_u25,1.0,0.4307692307692308,0.5230769230769231,0.36923076923076925
p56,p56_u26,0.7164179104477612,0.3582089552238806,0.4626865671641791,0.3880597014925373
p56,p56_u27,0.6756756756756757,0.25675675675675674,0.21621621621621623,0.21621621621621623
p56,p56_u28,0.7708333333333334,0.2708333333333333,0.4375,0.25
p56,p56_u29,0.3132530120481928,0.060240963855421686,0.0963855421686747,0.04819277108433735
p56,p56_u30,0.7,0.42,0.44,0.24
p56,p56_u31,0.7627118644067796,0.3728813559322034,0.4067796610169492,0.3389830508474576
p56,p56_u32,0.8983050847457628,0.2711864406779661,0.3728813559322034,0.2711864406779661
p56,p56_u33,0.5733333333333334,0.18666666666666668,0.14666666666666667,0.10666666666666667
p56,p56_u34,0.6666666666666666,0.3333333333333333,0.3978494623655914,0.23655913978494625
p56,p56_u35,0.6463414634146342,0.1951219512195122,0.15853658536585366,0.18292682926829268
p56,p56_u36,0.6219512195121951,0.15853658536585366,0.17073170731707318,0.15853658536585366
p56,p56_u37,0.589041095890411,0.3835616438356164,0.2602739726027397,0.2054794520547945
p56,p56_u38,0.4235294117647059,0.09411764705882353,0.10588235294117647,0.1411764705882353
p56,p56_u39,0.8,0.3090909090909091,0.36363636363636365,0.3090909090909091
p56,p56_u40,0.5857142857142857,0.4857142857142857,0.37142857142857144,0.37142857142857144
p56,p56_u41,0.4883720930232558,0.32558139534883723,0.4186046511627907,0.3023255813953488
p56,p56_u42,0.463768115942029,0.2463768115942029,0.2608695652173913,0.30434782608695654
p56,p56_u43,0.40963855421686746,0.12048192771084337,0.14457831325301204,0.10843373493975904
p56,p56_u44,0.5324675324675324,0.35064935064935066,0.2727272727272727,0.2077922077922078
p56,p56_u45,0.2857142857142857,0.16071428571428573,0.17857142857142858,0.08928571428571429
p56,p56_u46,0.5684210526315789,0.2631578947368421,0.25263157894736843,0.28421052631578947
p56,p56_u47,0.48148148148148145,0.05555555555555555,0.12962962962962962,0.05555555555555555
p56,p56_u48,0.45714285714285713,0.11428571428571428,0.15714285714285714,0.21428571428571427
p56,p56_u49,0.42028985507246375,0.17391304347826086,0.21739130434782608,0.17391304347826086
p56,p56_u50,0.39622641509433965,0.18867924528301888,0.11320754716981132,0.22641509433962265
p56,p56_u51,0.48,0.48,0.44,0.32
p56,p56_u52,0.34,0.3,0.3,0.18
p56,p56_u53,0.4523809523809524,0.38095238095238093,0.23809523809523808,0.23809523809523808
p56,p56_u54,0.5294117647058824,0.23529411764705882,0.17647058823529413,0.19607843137254902
p56,p56_u55,0.4807692307692308,0.3076923076923077,0.3076923076923077,0.23076923076923078
p56,p56_u56,0.55,0.3,0.275,0.25
p56,p56_u57,0.6226415094339622,0.24528301886792453,0.22641509433962265,0.22641509433962265
p56,p56_u58,0.5972222222222222,0.3888888888888889,0.4166666666666667,0.2222222222222222
p56,p56_u59,0.5862068965517241,0.27586206896551724,0.3103448275862069,0.1896551724137931
p56,p56_u60,0.5421686746987951,0.37349397590361444,0.39759036144578314,0.3855421686746988
p56,p56_u61,0.6046511627906976,0.313953488372093,0.3953488372093023,0.27906976744186046
p56,p56_u62,0.45098039215686275,0.4117647058823529,0.37254901960784315,0.4117647058823529
p56,p56_u63,0.4576271186440678,0.2711864406779661,0.3050847457627119,0.22033898305084745
p56,p56_u64,0.47674418604651164,0.3372093023255814,0.32558139534883723,0.27906976744186046
p56,p56_u65,0.5789473684210527,0.3263157894736842,0.42105263157894735,0.3684210526315789
p56,p56_u66,0.6666666666666666,0.3484848484848485,0.3484848484848485,0.21212121212121213
p56,p56_u67,0.6415094339622641,0.39622641509433965,0.4716981132075472,0.3018867924528302
p56,p56_u68,0.5846153846153846,0.35384615384615387,0.2923076923076923,0.2923076923076923
p56,p56_u69,0.5573770491803278,0.3114754098360656,0.3770491803278688,0.26229508196721313
p56,p56_u70,0.7021276595744681,0.1276595744680851,0.02127659574468085,0.02127659574468085
p56,p56_u71,0.5689655172413793,0.3448275862068966,0.13793103448275862,0.1724137931034483
p56,p56_u72,0.4647887323943662,0.16901408450704225,0.16901408450704225,0.14084507042253522
p56,p56_u73,0.5945945945945946,0.08108108108108109,0.13513513513513514,0.08108108108108109
p56,p56_u74,0.44776119402985076,0.13432835820895522,0.11940298507462686,0.05970149253731343
p56,p56_u75,0.25,0.20454545454545456,0.20454545454545456,0.1590909090909091
p56,p56_u76,0.6818181818181818,0.2878787878787879,0.21212121212121213,0.12121212121212122
p56,p56_u77,0.7536231884057971,0.4492753623188406,0.391304347826087,0.3333333333333333
p56,p56_u78,0.7,0.34,0.38,0.28
p56,p56_u79,0.6588235294117647,0.27058823529411763,0.24705882352941178,0.2
p56,p56_u80,0.4153846153846154,0.36923076923076925,0.27692307692307694,0.23076923076923078
p56,p56_u81,0.4166666666666667,0.3888888888888889,0.2777777777777778,0.1388888888888889
p56,p56_u82,0.5428571428571428,0.3,0.2857142857142857,0.17142857142857143
p56,p56_u83,0.4230769230769231,0.34615384615384615,0.3076923076923077,0.2692307692307692
p56,p56_u84,0.6274509803921569,0.4117647058823529,0.43137254901960786,0.35294117647058826
p56,p56_u85,0.5352112676056338,0.36619718309859156,0.3380281690140845,0.38028169014084506
p56,p56_u86,0.5064935064935064,0.3116883116883117,0.33766233766233766,0.2597402597402597
p56,p56_u87,0.52,0.42,0.3,0.28
p56,p56_u88,0.484375,0.3125,0.203125,0.203125
p56,p56_u89,0.7272727272727273,0.20454545454545456,0.18181818181818182,0.11363636363636363
p56,p56_u90,0.5897435897435898,0.28205128205128205,0.21794871794871795,0.2692307692307692
p56,p56_u91,0.46875,0.203125,0.171875,0.140625
p56,p56_u92,0.2391304347826087,0.06521739130434782,0.043478260869565216,0.06521739130434782
p56,p56_u93,0.5428571428571428,0.34285714285714286,0.2714285714285714,0.2
p56,p56_u94,0.734375,0.234375,0.328125,0.25
p56,p56_u95,0.5652173913043478,0.2318840579710145,0.2753623188405797,0.2753623188405797
p56,p56_u96,0.4864864864864865,0.17567567567567569,0.14864864864864866,0.08108108108108109
p56,p56_u97,0.3333333333333333,0.2318840579710145,0.21739130434782608,0.15942028985507245
p56,p56_u98,0.5833333333333334,0.2916666666666667,0.2708333333333333,0.125
p56,p56_u99,0.5714285714285714,0.08163265306122448,0.1836734693877551,0.061224489795918366
