condition,speaker_id,sentence_id,cer
baseline_acoustic,p00,u00,0.0377
baseline_acoustic,p00,u01,0.0545
baseline_acoustic,p00,u02,0.2222
baseline_acoustic,p00,u03,0.129
baseline_acoustic,p00,u04,0.0893
baseline_acoustic,p00,u05,0.1071
baseline_acoustic,p00,u06,0.0517
baseline_acoustic,p00,u07,0.1667
baseline_acoustic,p00,u08,0.0238
baseline_acoustic,p00,u09,0.1951
baseline_acoustic,p00,u10,0.2
baseline_acoustic,p00,u11,0.1667
baseline_acoustic,p00,u12,0.2188
baseline_acoustic,p00,u13,0.098
baseline_acoustic,p00,u14,0.1176
baseline_acoustic,p00,u15,0.3636
baseline_acoustic,p00,u16,0.093
baseline_acoustic,p00,u17,0.1296
baseline_acoustic,p00,u18,0.0625
baseline_acoustic,p00,u19,0.0732
baseline_acoustic,p00,u20,0.1045
baseline_acoustic,p00,u21,0.098
baseline_acoustic,p00,u22,0.0545
baseline_acoustic,p00,u23,0.1212
baseline_acoustic,p00,u24,0.1429
baseline_acoustic,p00,u25,0.0943
baseline_acoustic,p00,u26,0.0909
baseline_acoustic,p00,u27,0.1034
baseline_acoustic,p00,u28,0.0727
baseline_acoustic,p00,u29,0.1321
baseline_acoustic,p00,u30,0.1273
baseline_acoustic,p00,u31,0.0833
baseline_acoustic,p00,u32,0.1389
baseline_acoustic,p00,u33,0.1026
baseline_acoustic,p00,u34,0.0882
baseline_acoustic,p00,u35,0.0833
baseline_acoustic,p00,u36,0.075
baseline_acoustic,p00,u37,0.0508
baseline_acoustic,p00,u38,0.1463
baseline_acoustic,p00,u39,0.1064
baseline_acoustic,p00,u40,0.5946
baseline_acoustic,p00,u41,0.2889
baseline_acoustic,p00,u42,0.1964
baseline_acoustic,p00,u43,0.0758
baseline_acoustic,p00,u44,0.0328
baseline_acoustic,p00,u45,0.2
baseline_acoustic,p00,u46,0.2444
baseline_acoustic,p00,u47,0.1695
baseline_acoustic,p00,u48,0.0222
baseline_acoustic,p00,u49,0.1143
baseline_throat,p00,u00,0.1321
baseline_throat,p00,u01,0.3273
baseline_throat,p00,u02,0.3111
baseline_throat,p00,u03,0.2258
baseline_throat,p00,u04,0.1964
baseline_throat,p00,u05,0.1429
baseline_throat,p00,u06,0.0862
baseline_throat,p00,u07,0.2778
baseline_throat,p00,u08,0.2143
baseline_throat,p00,u09,0.5366
baseline_throat,p00,u10,0.3333
baseline_throat,p00,u11,0.2619
baseline_throat,p00,u12,0.4375
baseline_throat,p00,u13,0.3137
baseline_throat,p00,u14,0.2549
baseline_throat,p00,u15,0.5682
baseline_throat,p00,u16,0.2326
baseline_throat,p00,u17,0.2593
baseline_throat,p00,u18,0.2031
baseline_throat,p00,u19,0.1707
baseline_throat,p00,u20,0.3134
baseline_throat,p00,u21,0.3333
baseline_throat,p00,u22,0.1091
baseline_throat,p00,u23,0.1667
baseline_throat,p00,u24,0.2245
baseline_throat,p00,u25,0.4151
baseline_throat,p00,u26,0.2727
baseline_throat,p00,u27,0.2586
baseline_throat,p00,u28,0.2182
baseline_throat,p00,u29,0.283
baseline_throat,p00,u30,0.2
baseline_throat,p00,u31,0.1833
baseline_throat,p00,u32,0.2222
baseline_throat,p00,u33,0.5897
baseline_throat,p00,u34,0.3824
baseline_throat,p00,u35,0.2778
baseline_throat,p00,u36,0.2
baseline_throat,p00,u37,0.1356
baseline_throat,p00,u38,0.1463
baseline_throat,p00,u39,0.1489
baseline_throat,p00,u40,0.6216
baseline_throat,p00,u41,0.4222
baseline_throat,p00,u42,0.3571
baseline_throat,p00,u43,0.1515
baseline_throat,p00,u44,0.0656
baseline_throat,p00,u45,0.2889
baseline_throat,p00,u46,0.4222
baseline_throat,p00,u47,0.2034
baseline_throat,p00,u48,0.1333
baseline_throat,p00,u49,0.2286
dsp_only/clean,p00,u00,0.3396
dsp_only/clean,p00,u01,0.5455
dsp_only/clean,p00,u02,0.4222
dsp_only/clean,p00,u03,0.3226
dsp_only/clean,p00,u04,0.2321
dsp_only/clean,p00,u05,0.2679
dsp_only/clean,p00,u06,0.2931
dsp_only/clean,p00,u07,0.3889
dsp_only/clean,p00,u08,0.2143
dsp_only/clean,p00,u09,1.1951
dsp_only/clean,p00,u10,0.45
dsp_only/clean,p00,u11,0.2857
dsp_only/clean,p00,u12,0.5312
dsp_only/clean,p00,u13,0.2745
dsp_only/clean,p00,u14,0.5294
dsp_only/clean,p00,u15,0.6364
dsp_only/clean,p00,u16,0.4651
dsp_only/clean,p00,u17,0.3333
dsp_only/clean,p00,u18,0.3281
dsp_only/clean,p00,u19,0.2927
dsp_only/clean,p00,u20,0.2687
dsp_only/clean,p00,u21,0.549
dsp_only/clean,p00,u22,0.3273
dsp_only/clean,p00,u23,0.2576
dsp_only/clean,p00,u24,0.2857
dsp_only/clean,p00,u25,0.6604
dsp_only/clean,p00,u26,0.6667
dsp_only/clean,p00,u27,0.3276
dsp_only/clean,p00,u28,0.4
dsp_only/clean,p00,u29,0.3962
dsp_only/clean,p00,u30,0.3091
dsp_only/clean,p00,u31,0.4333
dsp_only/clean,p00,u32,0.5833
dsp_only/clean,p00,u33,0.4872
dsp_only/clean,p00,u34,0.6765
dsp_only/clean,p00,u35,0.3056
dsp_only/clean,p00,u36,0.425
dsp_only/clean,p00,u37,0.2034
dsp_only/clean,p00,u38,0.1951
dsp_only/clean,p00,u39,0.3617
dsp_only/clean,p00,u40,0.6486
dsp_only/clean,p00,u41,0.4667
dsp_only/clean,p00,u42,0.625
dsp_only/clean,p00,u43,0.2879
dsp_only/clean,p00,u44,0.1475
dsp_only/clean,p00,u45,0.6667
dsp_only/clean,p00,u46,0.5111
dsp_only/clean,p00,u47,0.4746
dsp_only/clean,p00,u48,0.2667
dsp_only/clean,p00,u49,0.2857
gtcrn/clean,p00,u00,0.1509
gtcrn/clean,p00,u01,0.4
gtcrn/clean,p00,u02,0.3556
gtcrn/clean,p00,u03,0.2258
gtcrn/clean,p00,u04,0.1964
gtcrn/clean,p00,u05,0.1607
gtcrn/clean,p00,u06,0.1552
gtcrn/clean,p00,u07,0.2593
gtcrn/clean,p00,u08,0.2143
gtcrn/clean,p00,u09,0.6341
gtcrn/clean,p00,u10,0.3333
gtcrn/clean,p00,u11,0.2619
gtcrn/clean,p00,u12,0.4375
gtcrn/clean,p00,u13,0.2941
gtcrn/clean,p00,u14,0.3922
gtcrn/clean,p00,u15,0.5682
gtcrn/clean,p00,u16,0.2558
gtcrn/clean,p00,u17,0.2778
gtcrn/clean,p00,u18,0.1719
gtcrn/clean,p00,u19,0.1951
gtcrn/clean,p00,u20,0.3731
gtcrn/clean,p00,u21,0.1961
gtcrn/clean,p00,u22,0.1636
gtcrn/clean,p00,u23,0.1667
gtcrn/clean,p00,u24,0.2245
gtcrn/clean,p00,u25,0.4151
gtcrn/clean,p00,u26,0.2727
gtcrn/clean,p00,u27,0.3103
gtcrn/clean,p00,u28,0.3091
gtcrn/clean,p00,u29,0.283
gtcrn/clean,p00,u30,0.2182
gtcrn/clean,p00,u31,0.25
gtcrn/clean,p00,u32,0.3333
gtcrn/clean,p00,u33,0.4615
gtcrn/clean,p00,u34,0.5
gtcrn/clean,p00,u35,0.3611
gtcrn/clean,p00,u36,0.15
gtcrn/clean,p00,u37,0.1695
gtcrn/clean,p00,u38,0.1951
gtcrn/clean,p00,u39,0.1915
gtcrn/clean,p00,u40,0.6216
gtcrn/clean,p00,u41,0.4222
gtcrn/clean,p00,u42,0.3571
gtcrn/clean,p00,u43,0.197
gtcrn/clean,p00,u44,0.0656
gtcrn/clean,p00,u45,0.5333
gtcrn/clean,p00,u46,0.5556
gtcrn/clean,p00,u47,0.2203
gtcrn/clean,p00,u48,0.1556
gtcrn/clean,p00,u49,0.1714
no_se/pink/snr_+0dB,p00,u00,0.9057
no_se/pink/snr_+0dB,p00,u01,0.9273
no_se/pink/snr_+0dB,p00,u02,0.8222
no_se/pink/snr_+0dB,p00,u03,1.0806
no_se/pink/snr_+0dB,p00,u04,0.7857
no_se/pink/snr_+0dB,p00,u05,0.6786
no_se/pink/snr_+0dB,p00,u06,0.5345
no_se/pink/snr_+0dB,p00,u07,0.7222
no_se/pink/snr_+0dB,p00,u08,0.9524
no_se/pink/snr_+0dB,p00,u09,1.122
no_se/pink/snr_+0dB,p00,u10,0.7167
no_se/pink/snr_+0dB,p00,u11,0.7143
no_se/pink/snr_+0dB,p00,u12,0.6875
no_se/pink/snr_+0dB,p00,u13,0.8431
no_se/pink/snr_+0dB,p00,u14,1.0196
no_se/pink/snr_+0dB,p00,u15,0.9773
no_se/pink/snr_+0dB,p00,u16,0.8605
no_se/pink/snr_+0dB,p00,u17,1.4815
no_se/pink/snr_+0dB,p00,u18,0.9375
no_se/pink/snr_+0dB,p00,u19,0.6829
no_se/pink/snr_+0dB,p00,u20,1.0
no_se/pink/snr_+0dB,p00,u21,0.5882
no_se/pink/snr_+0dB,p00,u22,0.9455
no_se/pink/snr_+0dB,p00,u23,0.4848
no_se/pink/snr_+0dB,p00,u24,0.6939
no_se/pink/snr_+0dB,p00,u25,0.9811
no_se/pink/snr_+0dB,p00,u26,0.697
no_se/pink/snr_+0dB,p00,u27,0.9483
no_se/pink/snr_+0dB,p00,u28,0.7818
no_se/pink/snr_+0dB,p00,u29,0.6981
no_se/pink/snr_+0dB,p00,u30,0.9455
no_se/pink/snr_+0dB,p00,u31,1.0333
no_se/pink/snr_+0dB,p00,u32,0.9444
no_se/pink/snr_+0dB,p00,u33,0.8718
no_se/pink/snr_+0dB,p00,u34,0.7941
no_se/pink/snr_+0dB,p00,u35,1.1389
no_se/pink/snr_+0dB,p00,u36,0.675
no_se/pink/snr_+0dB,p00,u37,1.1186
no_se/pink/snr_+0dB,p00,u38,0.4878
no_se/pink/snr_+0dB,p00,u39,0.7872
no_se/pink/snr_+0dB,p00,u40,0.8378
no_se/pink/snr_+0dB,p00,u41,1.0
no_se/pink/snr_+0dB,p00,u42,0.9464
no_se/pink/snr_+0dB,p00,u43,0.9697
no_se/pink/snr_+0dB,p00,u44,0.7049
no_se/pink/snr_+0dB,p00,u45,1.4889
no_se/pink/snr_+0dB,p00,u46,0.9556
no_se/pink/snr_+0dB,p00,u47,0.6102
no_se/pink/snr_+0dB,p00,u48,0.7111
no_se/pink/snr_+0dB,p00,u49,0.9429
no_se/pink/snr_+10dB,p00,u00,0.3208
no_se/pink/snr_+10dB,p00,u01,0.5455
no_se/pink/snr_+10dB,p00,u02,0.6
no_se/pink/snr_+10dB,p00,u03,0.3387
no_se/pink/snr_+10dB,p00,u04,0.4643
no_se/pink/snr_+10dB,p00,u05,0.3571
no_se/pink/snr_+10dB,p00,u06,0.1897
no_se/pink/snr_+10dB,p00,u07,0.4259
no_se/pink/snr_+10dB,p00,u08,0.5952
no_se/pink/snr_+10dB,p00,u09,0.7561
no_se/pink/snr_+10dB,p00,u10,0.4333
no_se/pink/snr_+10dB,p00,u11,0.4286
no_se/pink/snr_+10dB,p00,u12,0.5312
no_se/pink/snr_+10dB,p00,u13,0.2941
no_se/pink/snr_+10dB,p00,u14,0.4706
no_se/pink/snr_+10dB,p00,u15,0.6818
no_se/pink/snr_+10dB,p00,u16,0.4186
no_se/pink/snr_+10dB,p00,u17,0.6111
no_se/pink/snr_+10dB,p00,u18,0.4844
no_se/pink/snr_+10dB,p00,u19,0.2683
no_se/pink/snr_+10dB,p00,u20,0.4776
no_se/pink/snr_+10dB,p00,u21,0.3725
no_se/pink/snr_+10dB,p00,u22,0.4364
no_se/pink/snr_+10dB,p00,u23,0.2727
no_se/pink/snr_+10dB,p00,u24,0.3878
no_se/pink/snr_+10dB,p00,u25,0.5472
no_se/pink/snr_+10dB,p00,u26,0.5152
no_se/pink/snr_+10dB,p00,u27,0.5
no_se/pink/snr_+10dB,p00,u28,0.4364
no_se/pink/snr_+10dB,p00,u29,0.4906
no_se/pink/snr_+10dB,p00,u30,0.3455
no_se/pink/snr_+10dB,p00,u31,0.4833
no_se/pink/snr_+10dB,p00,u32,0.6944
no_se/pink/snr_+10dB,p00,u33,0.641
no_se/pink/snr_+10dB,p00,u34,0.7059
no_se/pink/snr_+10dB,p00,u35,0.5
no_se/pink/snr_+10dB,p00,u36,0.425
no_se/pink/snr_+10dB,p00,u37,0.3729
no_se/pink/snr_+10dB,p00,u38,0.2927
no_se/pink/snr_+10dB,p00,u39,0.5532
no_se/pink/snr_+10dB,p00,u40,0.6757
no_se/pink/snr_+10dB,p00,u41,0.5111
no_se/pink/snr_+10dB,p00,u42,0.5179
no_se/pink/snr_+10dB,p00,u43,0.2879
no_se/pink/snr_+10dB,p00,u44,0.2459
no_se/pink/snr_+10dB,p00,u45,0.5556
no_se/pink/snr_+10dB,p00,u46,0.6
no_se/pink/snr_+10dB,p00,u47,0.3559
no_se/pink/snr_+10dB,p00,u48,0.4
no_se/pink/snr_+10dB,p00,u49,0.3429
no_se/pink/snr_+20dB,p00,u00,0.2264
no_se/pink/snr_+20dB,p00,u01,0.3818
no_se/pink/snr_+20dB,p00,u02,0.3556
no_se/pink/snr_+20dB,p00,u03,0.2097
no_se/pink/snr_+20dB,p00,u04,0.1964
no_se/pink/snr_+20dB,p00,u05,0.125
no_se/pink/snr_+20dB,p00,u06,0.1897
no_se/pink/snr_+20dB,p00,u07,0.2778
no_se/pink/snr_+20dB,p00,u08,0.2857
no_se/pink/snr_+20dB,p00,u09,0.5122
no_se/pink/snr_+20dB,p00,u10,0.3333
no_se/pink/snr_+20dB,p00,u11,0.2857
no_se/pink/snr_+20dB,p00,u12,0.4062
no_se/pink/snr_+20dB,p00,u13,0.2353
no_se/pink/snr_+20dB,p00,u14,0.3137
no_se/pink/snr_+20dB,p00,u15,0.5682
no_se/pink/snr_+20dB,p00,u16,0.2558
no_se/pink/snr_+20dB,p00,u17,0.463
no_se/pink/snr_+20dB,p00,u18,0.2969
no_se/pink/snr_+20dB,p00,u19,0.2439
no_se/pink/snr_+20dB,p00,u20,0.403
no_se/pink/snr_+20dB,p00,u21,0.2745
no_se/pink/snr_+20dB,p00,u22,0.2
no_se/pink/snr_+20dB,p00,u23,0.2273
no_se/pink/snr_+20dB,p00,u24,0.2041
no_se/pink/snr_+20dB,p00,u25,0.4151
no_se/pink/snr_+20dB,p00,u26,0.3636
no_se/pink/snr_+20dB,p00,u27,0.3103
no_se/pink/snr_+20dB,p00,u28,0.2
no_se/pink/snr_+20dB,p00,u29,0.3396
no_se/pink/snr_+20dB,p00,u30,0.1818
no_se/pink/snr_+20dB,p00,u31,0.2833
no_se/pink/snr_+20dB,p00,u32,0.3333
no_se/pink/snr_+20dB,p00,u33,0.4103
no_se/pink/snr_+20dB,p00,u34,0.2941
no_se/pink/snr_+20dB,p00,u35,0.2222
no_se/pink/snr_+20dB,p00,u36,0.25
no_se/pink/snr_+20dB,p00,u37,0.2542
no_se/pink/snr_+20dB,p00,u38,0.1707
no_se/pink/snr_+20dB,p00,u39,0.2766
no_se/pink/snr_+20dB,p00,u40,0.5946
no_se/pink/snr_+20dB,p00,u41,0.4667
no_se/pink/snr_+20dB,p00,u42,0.4821
no_se/pink/snr_+20dB,p00,u43,0.2576
no_se/pink/snr_+20dB,p00,u44,0.0984
no_se/pink/snr_+20dB,p00,u45,0.3556
no_se/pink/snr_+20dB,p00,u46,0.4667
no_se/pink/snr_+20dB,p00,u47,0.3051
no_se/pink/snr_+20dB,p00,u48,0.1778
no_se/pink/snr_+20dB,p00,u49,0.2571
no_se/pink/snr_+5dB,p00,u00,0.7358
no_se/pink/snr_+5dB,p00,u01,1.0364
no_se/pink/snr_+5dB,p00,u02,0.6444
no_se/pink/snr_+5dB,p00,u03,0.4677
no_se/pink/snr_+5dB,p00,u04,0.625
no_se/pink/snr_+5dB,p00,u05,0.4643
no_se/pink/snr_+5dB,p00,u06,0.3276
no_se/pink/snr_+5dB,p00,u07,0.5926
no_se/pink/snr_+5dB,p00,u08,0.8095
no_se/pink/snr_+5dB,p00,u09,1.0488
no_se/pink/snr_+5dB,p00,u10,0.6
no_se/pink/snr_+5dB,p00,u11,0.619
no_se/pink/snr_+5dB,p00,u12,0.7812
no_se/pink/snr_+5dB,p00,u13,0.5294
no_se/pink/snr_+5dB,p00,u14,0.7059
no_se/pink/snr_+5dB,p00,u15,0.7727
no_se/pink/snr_+5dB,p00,u16,0.5116
no_se/pink/snr_+5dB,p00,u17,1.1481
no_se/pink/snr_+5dB,p00,u18,0.6562
no_se/pink/snr_+5dB,p00,u19,0.3659
no_se/pink/snr_+5dB,p00,u20,0.5075
no_se/pink/snr_+5dB,p00,u21,0.4314
no_se/pink/snr_+5dB,p00,u22,0.6364
no_se/pink/snr_+5dB,p00,u23,0.2727
no_se/pink/snr_+5dB,p00,u24,0.4286
no_se/pink/snr_+5dB,p00,u25,0.7925
no_se/pink/snr_+5dB,p00,u26,0.5152
no_se/pink/snr_+5dB,p00,u27,0.8448
no_se/pink/snr_+5dB,p00,u28,0.5455
no_se/pink/snr_+5dB,p00,u29,0.6415
no_se/pink/snr_+5dB,p00,u30,0.4364
no_se/pink/snr_+5dB,p00,u31,0.7333
no_se/pink/snr_+5dB,p00,u32,0.8611
no_se/pink/snr_+5dB,p00,u33,0.8462
no_se/pink/snr_+5dB,p00,u34,0.7353
no_se/pink/snr_+5dB,p00,u35,0.8889
no_se/pink/snr_+5dB,p00,u36,0.525
no_se/pink/snr_+5dB,p00,u37,0.5424
no_se/pink/snr_+5dB,p00,u38,0.4146
no_se/pink/snr_+5dB,p00,u39,0.6383
no_se/pink/snr_+5dB,p00,u40,0.6757
no_se/pink/snr_+5dB,p00,u41,0.6
no_se/pink/snr_+5dB,p00,u42,0.5714
no_se/pink/snr_+5dB,p00,u43,0.7727
no_se/pink/snr_+5dB,p00,u44,0.377
no_se/pink/snr_+5dB,p00,u45,1.0889
no_se/pink/snr_+5dB,p00,u46,0.6
no_se/pink/snr_+5dB,p00,u47,0.4068
no_se/pink/snr_+5dB,p00,u48,0.4
no_se/pink/snr_+5dB,p00,u49,0.5429
no_se/pink/snr_-5dB,p00,u00,1.1509
no_se/pink/snr_-5dB,p00,u01,0.9455
no_se/pink/snr_-5dB,p00,u02,1.0444
no_se/pink/snr_-5dB,p00,u03,0.9516
no_se/pink/snr_-5dB,p00,u04,0.9286
no_se/pink/snr_-5dB,p00,u05,1.0
no_se/pink/snr_-5dB,p00,u06,0.8103
no_se/pink/snr_-5dB,p00,u07,1.037
no_se/pink/snr_-5dB,p00,u08,1.0
no_se/pink/snr_-5dB,p00,u09,1.0
no_se/pink/snr_-5dB,p00,u10,1.25
no_se/pink/snr_-5dB,p00,u11,1.4524
no_se/pink/snr_-5dB,p00,u12,1.1875
no_se/pink/snr_-5dB,p00,u13,0.9804
no_se/pink/snr_-5dB,p00,u14,1.0392
no_se/pink/snr_-5dB,p00,u15,1.1818
no_se/pink/snr_-5dB,p00,u16,0.9767
no_se/pink/snr_-5dB,p00,u17,1.0
no_se/pink/snr_-5dB,p00,u18,0.9844
no_se/pink/snr_-5dB,p00,u19,1.2439
no_se/pink/snr_-5dB,p00,u20,0.9851
no_se/pink/snr_-5dB,p00,u21,1.0
no_se/pink/snr_-5dB,p00,u22,0.9636
no_se/pink/snr_-5dB,p00,u23,0.9848
no_se/pink/snr_-5dB,p00,u24,1.2857
no_se/pink/snr_-5dB,p00,u25,1.0
no_se/pink/snr_-5dB,p00,u26,1.0
no_se/pink/snr_-5dB,p00,u27,2.1207
no_se/pink/snr_-5dB,p00,u28,1.0
no_se/pink/snr_-5dB,p00,u29,1.4528
no_se/pink/snr_-5dB,p00,u30,0.9636
no_se/pink/snr_-5dB,p00,u31,0.9333
no_se/pink/snr_-5dB,p00,u32,1.0
no_se/pink/snr_-5dB,p00,u33,1.0513
no_se/pink/snr_-5dB,p00,u34,1.5
no_se/pink/snr_-5dB,p00,u35,1.0
no_se/pink/snr_-5dB,p00,u36,0.975
no_se/pink/snr_-5dB,p00,u37,1.0
no_se/pink/snr_-5dB,p00,u38,1.0
no_se/pink/snr_-5dB,p00,u39,1.0213
no_se/pink/snr_-5dB,p00,u40,1.1892
no_se/pink/snr_-5dB,p00,u41,1.0
no_se/pink/snr_-5dB,p00,u42,0.9107
no_se/pink/snr_-5dB,p00,u43,1.0909
no_se/pink/snr_-5dB,p00,u44,1.3607
no_se/pink/snr_-5dB,p00,u45,0.9556
no_se/pink/snr_-5dB,p00,u46,0.9778
no_se/pink/snr_-5dB,p00,u47,1.0
no_se/pink/snr_-5dB,p00,u48,1.0
no_se/pink/snr_-5dB,p00,u49,1.0
no_se/white/snr_+0dB,p00,u00,1.0943
no_se/white/snr_+0dB,p00,u01,0.9636
no_se/white/snr_+0dB,p00,u02,0.6222
no_se/white/snr_+0dB,p00,u03,0.5
no_se/white/snr_+0dB,p00,u04,0.7321
no_se/white/snr_+0dB,p00,u05,0.9286
no_se/white/snr_+0dB,p00,u06,0.6207
no_se/white/snr_+0dB,p00,u07,0.8889
no_se/white/snr_+0dB,p00,u08,0.9524
no_se/white/snr_+0dB,p00,u09,0.9512
no_se/white/snr_+0dB,p00,u10,0.8
no_se/white/snr_+0dB,p00,u11,0.7143
no_se/white/snr_+0dB,p00,u12,0.875
no_se/white/snr_+0dB,p00,u13,0.8039
no_se/white/snr_+0dB,p00,u14,0.9608
no_se/white/snr_+0dB,p00,u15,1.1591
no_se/white/snr_+0dB,p00,u16,0.814
no_se/white/snr_+0dB,p00,u17,0.963
no_se/white/snr_+0dB,p00,u18,0.9219
no_se/white/snr_+0dB,p00,u19,0.6341
no_se/white/snr_+0dB,p00,u20,0.7313
no_se/white/snr_+0dB,p00,u21,0.8627
no_se/white/snr_+0dB,p00,u22,0.8909
no_se/white/snr_+0dB,p00,u23,0.5152
no_se/white/snr_+0dB,p00,u24,0.6939
no_se/white/snr_+0dB,p00,u25,0.7925
no_se/white/snr_+0dB,p00,u26,0.7576
no_se/white/snr_+0dB,p00,u27,0.931
no_se/white/snr_+0dB,p00,u28,1.0182
no_se/white/snr_+0dB,p00,u29,1.434
no_se/white/snr_+0dB,p00,u30,1.0364
no_se/white/snr_+0dB,p00,u31,1.35
no_se/white/snr_+0dB,p00,u32,1.0833
no_se/white/snr_+0dB,p00,u33,1.1026
no_se/white/snr_+0dB,p00,u34,1.2353
no_se/white/snr_+0dB,p00,u35,0.8889
no_se/white/snr_+0dB,p00,u36,0.55
no_se/white/snr_+0dB,p00,u37,0.9831
no_se/white/snr_+0dB,p00,u38,0.9512
no_se/white/snr_+0dB,p00,u39,1.0
no_se/white/snr_+0dB,p00,u40,0.7297
no_se/white/snr_+0dB,p00,u41,0.8667
no_se/white/snr_+0dB,p00,u42,0.8214
no_se/white/snr_+0dB,p00,u43,0.9697
no_se/white/snr_+0dB,p00,u44,0.5902
no_se/white/snr_+0dB,p00,u45,1.0
no_se/white/snr_+0dB,p00,u46,0.7333
no_se/white/snr_+0dB,p00,u47,0.5254
no_se/white/snr_+0dB,p00,u48,0.6667
no_se/white/snr_+0dB,p00,u49,1.0
no_se/white/snr_+10dB,p00,u00,0.4717
no_se/white/snr_+10dB,p00,u01,0.6
no_se/white/snr_+10dB,p00,u02,0.6444
no_se/white/snr_+10dB,p00,u03,0.3548
no_se/white/snr_+10dB,p00,u04,0.5
no_se/white/snr_+10dB,p00,u05,0.4643
no_se/white/snr_+10dB,p00,u06,0.2414
no_se/white/snr_+10dB,p00,u07,0.3889
no_se/white/snr_+10dB,p00,u08,0.5238
no_se/white/snr_+10dB,p00,u09,0.9268
no_se/white/snr_+10dB,p00,u10,0.55
no_se/white/snr_+10dB,p00,u11,0.4286
no_se/white/snr_+10dB,p00,u12,0.5938
no_se/white/snr_+10dB,p00,u13,0.3725
no_se/white/snr_+10dB,p00,u14,0.6078
no_se/white/snr_+10dB,p00,u15,0.6364
no_se/white/snr_+10dB,p00,u16,0.4651
no_se/white/snr_+10dB,p00,u17,0.6852
no_se/white/snr_+10dB,p00,u18,0.5312
no_se/white/snr_+10dB,p00,u19,0.3415
no_se/white/snr_+10dB,p00,u20,0.5672
no_se/white/snr_+10dB,p00,u21,0.5294
no_se/white/snr_+10dB,p00,u22,0.4727
no_se/white/snr_+10dB,p00,u23,0.2576
no_se/white/snr_+10dB,p00,u24,0.3469
no_se/white/snr_+10dB,p00,u25,0.6038
no_se/white/snr_+10dB,p00,u26,0.4242
no_se/white/snr_+10dB,p00,u27,0.5517
no_se/white/snr_+10dB,p00,u28,0.5091
no_se/white/snr_+10dB,p00,u29,0.5094
no_se/white/snr_+10dB,p00,u30,0.4
no_se/white/snr_+10dB,p00,u31,0.6167
no_se/white/snr_+10dB,p00,u32,0.75
no_se/white/snr_+10dB,p00,u33,0.5385
no_se/white/snr_+10dB,p00,u34,0.6765
no_se/white/snr_+10dB,p00,u35,0.6667
no_se/white/snr_+10dB,p00,u36,0.475
no_se/white/snr_+10dB,p00,u37,0.4576
no_se/white/snr_+10dB,p00,u38,0.4146
no_se/white/snr_+10dB,p00,u39,0.5532
no_se/white/snr_+10dB,p00,u40,0.6757
no_se/white/snr_+10dB,p00,u41,0.6
no_se/white/snr_+10dB,p00,u42,0.6071
no_se/white/snr_+10dB,p00,u43,0.4545
no_se/white/snr_+10dB,p00,u44,0.2623
no_se/white/snr_+10dB,p00,u45,0.5333
no_se/white/snr_+10dB,p00,u46,0.5778
no_se/white/snr_+10dB,p00,u47,0.3729
no_se/white/snr_+10dB,p00,u48,0.3778
no_se/white/snr_+10dB,p00,u49,0.4857
no_se/white/snr_+20dB,p00,u00,0.2264
no_se/white/snr_+20dB,p00,u01,0.4364
no_se/white/snr_+20dB,p00,u02,0.2667
no_se/white/snr_+20dB,p00,u03,0.3387
no_se/white/snr_+20dB,p00,u04,0.2857
no_se/white/snr_+20dB,p00,u05,0.2857
no_se/white/snr_+20dB,p00,u06,0.1897
no_se/white/snr_+20dB,p00,u07,0.3704
no_se/white/snr_+20dB,p00,u08,0.2857
no_se/white/snr_+20dB,p00,u09,0.5854
no_se/white/snr_+20dB,p00,u10,0.3833
no_se/white/snr_+20dB,p00,u11,0.3333
no_se/white/snr_+20dB,p00,u12,0.4062
no_se/white/snr_+20dB,p00,u13,0.2353
no_se/white/snr_+20dB,p00,u14,0.3529
no_se/white/snr_+20dB,p00,u15,0.5909
no_se/white/snr_+20dB,p00,u16,0.2791
no_se/white/snr_+20dB,p00,u17,0.4815
no_se/white/snr_+20dB,p00,u18,0.2344
no_se/white/snr_+20dB,p00,u19,0.2439
no_se/white/snr_+20dB,p00,u20,0.3881
no_se/white/snr_+20dB,p00,u21,0.2941
no_se/white/snr_+20dB,p00,u22,0.1636
no_se/white/snr_+20dB,p00,u23,0.2576
no_se/white/snr_+20dB,p00,u24,0.3265
no_se/white/snr_+20dB,p00,u25,0.4151
no_se/white/snr_+20dB,p00,u26,0.3636
no_se/white/snr_+20dB,p00,u27,0.2586
no_se/white/snr_+20dB,p00,u28,0.2909
no_se/white/snr_+20dB,p00,u29,0.3585
no_se/white/snr_+20dB,p00,u30,0.2182
no_se/white/snr_+20dB,p00,u31,0.2833
no_se/white/snr_+20dB,p00,u32,0.2222
no_se/white/snr_+20dB,p00,u33,0.5128
no_se/white/snr_+20dB,p00,u34,0.3529
no_se/white/snr_+20dB,p00,u35,0.3333
no_se/white/snr_+20dB,p00,u36,0.225
no_se/white/snr_+20dB,p00,u37,0.2712
no_se/white/snr_+20dB,p00,u38,0.2683
no_se/white/snr_+20dB,p00,u39,0.3191
no_se/white/snr_+20dB,p00,u40,0.5946
no_se/white/snr_+20dB,p00,u41,0.2889
no_se/white/snr_+20dB,p00,u42,0.4821
no_se/white/snr_+20dB,p00,u43,0.2727
no_se/white/snr_+20dB,p00,u44,0.1148
no_se/white/snr_+20dB,p00,u45,0.3778
no_se/white/snr_+20dB,p00,u46,0.6
no_se/white/snr_+20dB,p00,u47,0.2881
no_se/white/snr_+20dB,p00,u48,0.2222
no_se/white/snr_+20dB,p00,u49,0.3143
no_se/white/snr_+5dB,p00,u00,0.4717
no_se/white/snr_+5dB,p00,u01,0.6364
no_se/white/snr_+5dB,p00,u02,0.6
no_se/white/snr_+5dB,p00,u03,0.5
no_se/white/snr_+5dB,p00,u04,0.5179
no_se/white/snr_+5dB,p00,u05,0.5
no_se/white/snr_+5dB,p00,u06,0.4655
no_se/white/snr_+5dB,p00,u07,0.5556
no_se/white/snr_+5dB,p00,u08,0.5476
no_se/white/snr_+5dB,p00,u09,1.0
no_se/white/snr_+5dB,p00,u10,0.6
no_se/white/snr_+5dB,p00,u11,0.619
no_se/white/snr_+5dB,p00,u12,0.7188
no_se/white/snr_+5dB,p00,u13,0.5882
no_se/white/snr_+5dB,p00,u14,0.9412
no_se/white/snr_+5dB,p00,u15,0.6818
no_se/white/snr_+5dB,p00,u16,0.5349
no_se/white/snr_+5dB,p00,u17,0.9259
no_se/white/snr_+5dB,p00,u18,0.5938
no_se/white/snr_+5dB,p00,u19,0.5366
no_se/white/snr_+5dB,p00,u20,0.6269
no_se/white/snr_+5dB,p00,u21,0.6863
no_se/white/snr_+5dB,p00,u22,0.8
no_se/white/snr_+5dB,p00,u23,0.4242
no_se/white/snr_+5dB,p00,u24,0.6122
no_se/white/snr_+5dB,p00,u25,0.7736
no_se/white/snr_+5dB,p00,u26,0.697
no_se/white/snr_+5dB,p00,u27,0.931
no_se/white/snr_+5dB,p00,u28,0.8727
no_se/white/snr_+5dB,p00,u29,0.6604
no_se/white/snr_+5dB,p00,u30,0.8545
no_se/white/snr_+5dB,p00,u31,0.85
no_se/white/snr_+5dB,p00,u32,0.8056
no_se/white/snr_+5dB,p00,u33,0.5385
no_se/white/snr_+5dB,p00,u34,0.8824
no_se/white/snr_+5dB,p00,u35,0.8333
no_se/white/snr_+5dB,p00,u36,0.65
no_se/white/snr_+5dB,p00,u37,0.5763
no_se/white/snr_+5dB,p00,u38,0.5366
no_se/white/snr_+5dB,p00,u39,0.7234
no_se/white/snr_+5dB,p00,u40,0.6757
no_se/white/snr_+5dB,p00,u41,0.6667
no_se/white/snr_+5dB,p00,u42,0.6786
no_se/white/snr_+5dB,p00,u43,0.7727
no_se/white/snr_+5dB,p00,u44,0.541
no_se/white/snr_+5dB,p00,u45,0.8
no_se/white/snr_+5dB,p00,u46,0.6667
no_se/white/snr_+5dB,p00,u47,0.5085
no_se/white/snr_+5dB,p00,u48,0.5111
no_se/white/snr_+5dB,p00,u49,0.4857
no_se/white/snr_-5dB,p00,u00,1.0943
no_se/white/snr_-5dB,p00,u01,1.3818
no_se/white/snr_-5dB,p00,u02,0.8889
no_se/white/snr_-5dB,p00,u03,0.9677
no_se/white/snr_-5dB,p00,u04,1.1071
no_se/white/snr_-5dB,p00,u05,1.3036
no_se/white/snr_-5dB,p00,u06,0.6724
no_se/white/snr_-5dB,p00,u07,0.8704
no_se/white/snr_-5dB,p00,u08,0.9762
no_se/white/snr_-5dB,p00,u09,0.9512
no_se/white/snr_-5dB,p00,u10,0.95
no_se/white/snr_-5dB,p00,u11,1.0476
no_se/white/snr_-5dB,p00,u12,1.1562
no_se/white/snr_-5dB,p00,u13,0.9804
no_se/white/snr_-5dB,p00,u14,1.0
no_se/white/snr_-5dB,p00,u15,0.9545
no_se/white/snr_-5dB,p00,u16,1.0
no_se/white/snr_-5dB,p00,u17,1.0
no_se/white/snr_-5dB,p00,u18,1.0
no_se/white/snr_-5dB,p00,u19,0.8293
no_se/white/snr_-5dB,p00,u20,1.1343
no_se/white/snr_-5dB,p00,u21,1.0
no_se/white/snr_-5dB,p00,u22,0.9091
no_se/white/snr_-5dB,p00,u23,0.8939
no_se/white/snr_-5dB,p00,u24,0.9388
no_se/white/snr_-5dB,p00,u25,1.0566
no_se/white/snr_-5dB,p00,u26,0.9697
no_se/white/snr_-5dB,p00,u27,1.0862
no_se/white/snr_-5dB,p00,u28,1.0
no_se/white/snr_-5dB,p00,u29,0.9623
no_se/white/snr_-5dB,p00,u30,1.0
no_se/white/snr_-5dB,p00,u31,1.0833
no_se/white/snr_-5dB,p00,u32,1.0556
no_se/white/snr_-5dB,p00,u33,0.9231
no_se/white/snr_-5dB,p00,u34,0.8824
no_se/white/snr_-5dB,p00,u35,1.3056
no_se/white/snr_-5dB,p00,u36,0.825
no_se/white/snr_-5dB,p00,u37,1.2881
no_se/white/snr_-5dB,p00,u38,0.9756
no_se/white/snr_-5dB,p00,u39,0.8936
no_se/white/snr_-5dB,p00,u40,0.973
no_se/white/snr_-5dB,p00,u41,0.9778
no_se/white/snr_-5dB,p00,u42,1.0
no_se/white/snr_-5dB,p00,u43,0.9848
no_se/white/snr_-5dB,p00,u44,0.9836
no_se/white/snr_-5dB,p00,u45,1.0
no_se/white/snr_-5dB,p00,u46,0.9333
no_se/white/snr_-5dB,p00,u47,0.9661
no_se/white/snr_-5dB,p00,u48,0.9556
no_se/white/snr_-5dB,p00,u49,0.9143
dsp_only/pink/snr_+0dB,p00,u00,1.0
dsp_only/pink/snr_+0dB,p00,u01,1.0
dsp_only/pink/snr_+0dB,p00,u02,1.0444
dsp_only/pink/snr_+0dB,p00,u03,1.0
dsp_only/pink/snr_+0dB,p00,u04,1.0
dsp_only/pink/snr_+0dB,p00,u05,1.0
dsp_only/pink/snr_+0dB,p00,u06,1.0
dsp_only/pink/snr_+0dB,p00,u07,1.0
dsp_only/pink/snr_+0dB,p00,u08,0.9286
dsp_only/pink/snr_+0dB,p00,u09,1.0
dsp_only/pink/snr_+0dB,p00,u10,1.0
dsp_only/pink/snr_+0dB,p00,u11,0.881
dsp_only/pink/snr_+0dB,p00,u12,1.0
dsp_only/pink/snr_+0dB,p00,u13,1.0
dsp_only/pink/snr_+0dB,p00,u14,1.0
dsp_only/pink/snr_+0dB,p00,u15,0.9773
dsp_only/pink/snr_+0dB,p00,u16,1.5349
dsp_only/pink/snr_+0dB,p00,u17,0.8889
dsp_only/pink/snr_+0dB,p00,u18,1.0
dsp_only/pink/snr_+0dB,p00,u19,1.0
dsp_only/pink/snr_+0dB,p00,u20,1.0597
dsp_only/pink/snr_+0dB,p00,u21,0.9804
dsp_only/pink/snr_+0dB,p00,u22,1.0
dsp_only/pink/snr_+0dB,p00,u23,1.0758
dsp_only/pink/snr_+0dB,p00,u24,1.0612
dsp_only/pink/snr_+0dB,p00,u25,1.0
dsp_only/pink/snr_+0dB,p00,u26,1.0303
dsp_only/pink/snr_+0dB,p00,u27,1.0
dsp_only/pink/snr_+0dB,p00,u28,1.4
dsp_only/pink/snr_+0dB,p00,u29,0.9623
dsp_only/pink/snr_+0dB,p00,u30,1.0
dsp_only/pink/snr_+0dB,p00,u31,1.0
dsp_only/pink/snr_+0dB,p00,u32,1.25
dsp_only/pink/snr_+0dB,p00,u33,1.0
dsp_only/pink/snr_+0dB,p00,u34,1.0
dsp_only/pink/snr_+0dB,p00,u35,1.0
dsp_only/pink/snr_+0dB,p00,u36,1.0
dsp_only/pink/snr_+0dB,p00,u37,1.0
dsp_only/pink/snr_+0dB,p00,u38,1.0
dsp_only/pink/snr_+0dB,p00,u39,0.9787
dsp_only/pink/snr_+0dB,p00,u40,1.0
dsp_only/pink/snr_+0dB,p00,u41,1.0
dsp_only/pink/snr_+0dB,p00,u42,0.9107
dsp_only/pink/snr_+0dB,p00,u43,0.9697
dsp_only/pink/snr_+0dB,p00,u44,1.0
dsp_only/pink/snr_+0dB,p00,u45,0.9778
dsp_only/pink/snr_+0dB,p00,u46,1.0
dsp_only/pink/snr_+0dB,p00,u47,0.8136
dsp_only/pink/snr_+0dB,p00,u48,1.0
dsp_only/pink/snr_+0dB,p00,u49,1.0
dsp_only/pink/snr_+10dB,p00,u00,0.6792
dsp_only/pink/snr_+10dB,p00,u01,0.7455
dsp_only/pink/snr_+10dB,p00,u02,0.7333
dsp_only/pink/snr_+10dB,p00,u03,0.5
dsp_only/pink/snr_+10dB,p00,u04,0.5179
dsp_only/pink/snr_+10dB,p00,u05,0.4643
dsp_only/pink/snr_+10dB,p00,u06,0.3621
dsp_only/pink/snr_+10dB,p00,u07,0.8704
dsp_only/pink/snr_+10dB,p00,u08,0.7857
dsp_only/pink/snr_+10dB,p00,u09,0.878
dsp_only/pink/snr_+10dB,p00,u10,0.4833
dsp_only/pink/snr_+10dB,p00,u11,0.6429
dsp_only/pink/snr_+10dB,p00,u12,0.7812
dsp_only/pink/snr_+10dB,p00,u13,0.6667
dsp_only/pink/snr_+10dB,p00,u14,0.6275
dsp_only/pink/snr_+10dB,p00,u15,0.7045
dsp_only/pink/snr_+10dB,p00,u16,0.4186
dsp_only/pink/snr_+10dB,p00,u17,0.6852
dsp_only/pink/snr_+10dB,p00,u18,0.7656
dsp_only/pink/snr_+10dB,p00,u19,0.3415
dsp_only/pink/snr_+10dB,p00,u20,0.597
dsp_only/pink/snr_+10dB,p00,u21,0.4314
dsp_only/pink/snr_+10dB,p00,u22,0.5455
dsp_only/pink/snr_+10dB,p00,u23,0.4091
dsp_only/pink/snr_+10dB,p00,u24,0.4694
dsp_only/pink/snr_+10dB,p00,u25,0.9811
dsp_only/pink/snr_+10dB,p00,u26,1.1818
dsp_only/pink/snr_+10dB,p00,u27,0.8103
dsp_only/pink/snr_+10dB,p00,u28,0.7273
dsp_only/pink/snr_+10dB,p00,u29,0.5472
dsp_only/pink/snr_+10dB,p00,u30,0.6
dsp_only/pink/snr_+10dB,p00,u31,0.4833
dsp_only/pink/snr_+10dB,p00,u32,0.75
dsp_only/pink/snr_+10dB,p00,u33,0.8974
dsp_only/pink/snr_+10dB,p00,u34,0.7941
dsp_only/pink/snr_+10dB,p00,u35,0.8611
dsp_only/pink/snr_+10dB,p00,u36,0.625
dsp_only/pink/snr_+10dB,p00,u37,1.0
dsp_only/pink/snr_+10dB,p00,u38,0.2927
dsp_only/pink/snr_+10dB,p00,u39,0.8723
dsp_only/pink/snr_+10dB,p00,u40,0.7568
dsp_only/pink/snr_+10dB,p00,u41,0.6444
dsp_only/pink/snr_+10dB,p00,u42,0.6964
dsp_only/pink/snr_+10dB,p00,u43,0.4091
dsp_only/pink/snr_+10dB,p00,u44,0.3607
dsp_only/pink/snr_+10dB,p00,u45,0.9333
dsp_only/pink/snr_+10dB,p00,u46,0.8444
dsp_only/pink/snr_+10dB,p00,u47,0.5254
dsp_only/pink/snr_+10dB,p00,u48,0.5556
dsp_only/pink/snr_+10dB,p00,u49,0.6286
dsp_only/pink/snr_+20dB,p00,u00,0.5283
dsp_only/pink/snr_+20dB,p00,u01,0.7273
dsp_only/pink/snr_+20dB,p00,u02,0.6667
dsp_only/pink/snr_+20dB,p00,u03,0.3871
dsp_only/pink/snr_+20dB,p00,u04,0.5
dsp_only/pink/snr_+20dB,p00,u05,0.4464
dsp_only/pink/snr_+20dB,p00,u06,0.2586
dsp_only/pink/snr_+20dB,p00,u07,0.4074
dsp_only/pink/snr_+20dB,p00,u08,0.2857
dsp_only/pink/snr_+20dB,p00,u09,0.9756
dsp_only/pink/snr_+20dB,p00,u10,0.5833
dsp_only/pink/snr_+20dB,p00,u11,0.4286
dsp_only/pink/snr_+20dB,p00,u12,0.5
dsp_only/pink/snr_+20dB,p00,u13,0.2549
dsp_only/pink/snr_+20dB,p00,u14,0.6863
dsp_only/pink/snr_+20dB,p00,u15,0.6591
dsp_only/pink/snr_+20dB,p00,u16,0.3256
dsp_only/pink/snr_+20dB,p00,u17,0.5741
dsp_only/pink/snr_+20dB,p00,u18,0.5
dsp_only/pink/snr_+20dB,p00,u19,0.2439
dsp_only/pink/snr_+20dB,p00,u20,0.3582
dsp_only/pink/snr_+20dB,p00,u21,0.451
dsp_only/pink/snr_+20dB,p00,u22,0.4545
dsp_only/pink/snr_+20dB,p00,u23,0.2727
dsp_only/pink/snr_+20dB,p00,u24,0.4082
dsp_only/pink/snr_+20dB,p00,u25,0.434
dsp_only/pink/snr_+20dB,p00,u26,0.8485
dsp_only/pink/snr_+20dB,p00,u27,0.3621
dsp_only/pink/snr_+20dB,p00,u28,0.2545
dsp_only/pink/snr_+20dB,p00,u29,0.3774
dsp_only/pink/snr_+20dB,p00,u30,0.2364
dsp_only/pink/snr_+20dB,p00,u31,0.4833
dsp_only/pink/snr_+20dB,p00,u32,0.6389
dsp_only/pink/snr_+20dB,p00,u33,0.4615
dsp_only/pink/snr_+20dB,p00,u34,1.0294
dsp_only/pink/snr_+20dB,p00,u35,0.5278
dsp_only/pink/snr_+20dB,p00,u36,0.5
dsp_only/pink/snr_+20dB,p00,u37,0.3898
dsp_only/pink/snr_+20dB,p00,u38,0.2195
dsp_only/pink/snr_+20dB,p00,u39,0.5106
dsp_only/pink/snr_+20dB,p00,u40,0.5135
dsp_only/pink/snr_+20dB,p00,u41,0.4667
dsp_only/pink/snr_+20dB,p00,u42,0.6429
dsp_only/pink/snr_+20dB,p00,u43,0.5758
dsp_only/pink/snr_+20dB,p00,u44,0.3443
dsp_only/pink/snr_+20dB,p00,u45,0.6667
dsp_only/pink/snr_+20dB,p00,u46,0.6667
dsp_only/pink/snr_+20dB,p00,u47,0.5424
dsp_only/pink/snr_+20dB,p00,u48,0.4222
dsp_only/pink/snr_+20dB,p00,u49,0.4286
dsp_only/pink/snr_+5dB,p00,u00,0.8868
dsp_only/pink/snr_+5dB,p00,u01,1.2
dsp_only/pink/snr_+5dB,p00,u02,0.8222
dsp_only/pink/snr_+5dB,p00,u03,0.5161
dsp_only/pink/snr_+5dB,p00,u04,0.7857
dsp_only/pink/snr_+5dB,p00,u05,0.9464
dsp_only/pink/snr_+5dB,p00,u06,0.569
dsp_only/pink/snr_+5dB,p00,u07,0.8704
dsp_only/pink/snr_+5dB,p00,u08,1.0
dsp_only/pink/snr_+5dB,p00,u09,0.9512
dsp_only/pink/snr_+5dB,p00,u10,0.8833
dsp_only/pink/snr_+5dB,p00,u11,0.7143
dsp_only/pink/snr_+5dB,p00,u12,0.8438
dsp_only/pink/snr_+5dB,p00,u13,0.9608
dsp_only/pink/snr_+5dB,p00,u14,0.9804
dsp_only/pink/snr_+5dB,p00,u15,0.8409
dsp_only/pink/snr_+5dB,p00,u16,0.5814
dsp_only/pink/snr_+5dB,p00,u17,0.8519
dsp_only/pink/snr_+5dB,p00,u18,0.9219
dsp_only/pink/snr_+5dB,p00,u19,0.5366
dsp_only/pink/snr_+5dB,p00,u20,0.806
dsp_only/pink/snr_+5dB,p00,u21,0.6471
dsp_only/pink/snr_+5dB,p00,u22,1.0
dsp_only/pink/snr_+5dB,p00,u23,0.5606
dsp_only/pink/snr_+5dB,p00,u24,0.6939
dsp_only/pink/snr_+5dB,p00,u25,0.8302
dsp_only/pink/snr_+5dB,p00,u26,1.0
dsp_only/pink/snr_+5dB,p00,u27,1.0
dsp_only/pink/snr_+5dB,p00,u28,1.0545
dsp_only/pink/snr_+5dB,p00,u29,1.2453
dsp_only/pink/snr_+5dB,p00,u30,1.0909
dsp_only/pink/snr_+5dB,p00,u31,0.8833
dsp_only/pink/snr_+5dB,p00,u32,1.0278
dsp_only/pink/snr_+5dB,p00,u33,1.3333
dsp_only/pink/snr_+5dB,p00,u34,0.9706
dsp_only/pink/snr_+5dB,p00,u35,0.9722
dsp_only/pink/snr_+5dB,p00,u36,1.0
dsp_only/pink/snr_+5dB,p00,u37,0.7288
dsp_only/pink/snr_+5dB,p00,u38,0.3659
dsp_only/pink/snr_+5dB,p00,u39,0.9574
dsp_only/pink/snr_+5dB,p00,u40,0.8108
dsp_only/pink/snr_+5dB,p00,u41,0.8667
dsp_only/pink/snr_+5dB,p00,u42,0.8571
dsp_only/pink/snr_+5dB,p00,u43,1.1818
dsp_only/pink/snr_+5dB,p00,u44,0.623
dsp_only/pink/snr_+5dB,p00,u45,0.9556
dsp_only/pink/snr_+5dB,p00,u46,1.0667
dsp_only/pink/snr_+5dB,p00,u47,0.5763
dsp_only/pink/snr_+5dB,p00,u48,0.6444
dsp_only/pink/snr_+5dB,p00,u49,0.9143
dsp_only/pink/snr_-5dB,p00,u00,1.0
dsp_only/pink/snr_-5dB,p00,u01,1.0
dsp_only/pink/snr_-5dB,p00,u02,1.0
dsp_only/pink/snr_-5dB,p00,u03,1.0
dsp_only/pink/snr_-5dB,p00,u04,1.0
dsp_only/pink/snr_-5dB,p00,u05,1.0
dsp_only/pink/snr_-5dB,p00,u06,0.9655
dsp_only/pink/snr_-5dB,p00,u07,1.0
dsp_only/pink/snr_-5dB,p00,u08,1.0
dsp_only/pink/snr_-5dB,p00,u09,1.0
dsp_only/pink/snr_-5dB,p00,u10,1.0
dsp_only/pink/snr_-5dB,p00,u11,1.0
dsp_only/pink/snr_-5dB,p00,u12,1.0
dsp_only/pink/snr_-5dB,p00,u13,1.0
dsp_only/pink/snr_-5dB,p00,u14,1.0
dsp_only/pink/snr_-5dB,p00,u15,1.1136
dsp_only/pink/snr_-5dB,p00,u16,1.0
dsp_only/pink/snr_-5dB,p00,u17,1.0
dsp_only/pink/snr_-5dB,p00,u18,1.0
dsp_only/pink/snr_-5dB,p00,u19,1.0
dsp_only/pink/snr_-5dB,p00,u20,1.0
dsp_only/pink/snr_-5dB,p00,u21,1.0
dsp_only/pink/snr_-5dB,p00,u22,1.0
dsp_only/pink/snr_-5dB,p00,u23,1.0
dsp_only/pink/snr_-5dB,p00,u24,1.0
dsp_only/pink/snr_-5dB,p00,u25,1.0
dsp_only/pink/snr_-5dB,p00,u26,1.0
dsp_only/pink/snr_-5dB,p00,u27,1.0
dsp_only/pink/snr_-5dB,p00,u28,1.0
dsp_only/pink/snr_-5dB,p00,u29,1.0
dsp_only/pink/snr_-5dB,p00,u30,1.0
dsp_only/pink/snr_-5dB,p00,u31,1.0
dsp_only/pink/snr_-5dB,p00,u32,1.0
dsp_only/pink/snr_-5dB,p00,u33,1.0
dsp_only/pink/snr_-5dB,p00,u34,1.0
dsp_only/pink/snr_-5dB,p00,u35,1.0
dsp_only/pink/snr_-5dB,p00,u36,1.0
dsp_only/pink/snr_-5dB,p00,u37,1.0
dsp_only/pink/snr_-5dB,p00,u38,1.0
dsp_only/pink/snr_-5dB,p00,u39,1.0
dsp_only/pink/snr_-5dB,p00,u40,1.0
dsp_only/pink/snr_-5dB,p00,u41,1.0
dsp_only/pink/snr_-5dB,p00,u42,0.9821
dsp_only/pink/snr_-5dB,p00,u43,1.0
dsp_only/pink/snr_-5dB,p00,u44,1.0
dsp_only/pink/snr_-5dB,p00,u45,1.0
dsp_only/pink/snr_-5dB,p00,u46,1.0
dsp_only/pink/snr_-5dB,p00,u47,1.0
dsp_only/pink/snr_-5dB,p00,u48,1.0
dsp_only/pink/snr_-5dB,p00,u49,1.0
dsp_only/white/snr_+0dB,p00,u00,1.0
dsp_only/white/snr_+0dB,p00,u01,1.0
dsp_only/white/snr_+0dB,p00,u02,0.9556
dsp_only/white/snr_+0dB,p00,u03,1.0
dsp_only/white/snr_+0dB,p00,u04,1.0
dsp_only/white/snr_+0dB,p00,u05,1.0
dsp_only/white/snr_+0dB,p00,u06,1.0
dsp_only/white/snr_+0dB,p00,u07,0.9815
dsp_only/white/snr_+0dB,p00,u08,1.0
dsp_only/white/snr_+0dB,p00,u09,1.0
dsp_only/white/snr_+0dB,p00,u10,1.0333
dsp_only/white/snr_+0dB,p00,u11,1.0
dsp_only/white/snr_+0dB,p00,u12,1.0
dsp_only/white/snr_+0dB,p00,u13,1.0
dsp_only/white/snr_+0dB,p00,u14,1.0
dsp_only/white/snr_+0dB,p00,u15,1.0
dsp_only/white/snr_+0dB,p00,u16,1.0
dsp_only/white/snr_+0dB,p00,u17,1.0
dsp_only/white/snr_+0dB,p00,u18,1.125
dsp_only/white/snr_+0dB,p00,u19,1.0
dsp_only/white/snr_+0dB,p00,u20,1.0
dsp_only/white/snr_+0dB,p00,u21,1.0
dsp_only/white/snr_+0dB,p00,u22,1.0182
dsp_only/white/snr_+0dB,p00,u23,1.0
dsp_only/white/snr_+0dB,p00,u24,1.0
dsp_only/white/snr_+0dB,p00,u25,1.0
dsp_only/white/snr_+0dB,p00,u26,0.9394
dsp_only/white/snr_+0dB,p00,u27,1.0
dsp_only/white/snr_+0dB,p00,u28,1.0
dsp_only/white/snr_+0dB,p00,u29,1.0
dsp_only/white/snr_+0dB,p00,u30,1.0
dsp_only/white/snr_+0dB,p00,u31,1.0
dsp_only/white/snr_+0dB,p00,u32,0.9444
dsp_only/white/snr_+0dB,p00,u33,1.0
dsp_only/white/snr_+0dB,p00,u34,1.0
dsp_only/white/snr_+0dB,p00,u35,1.0
dsp_only/white/snr_+0dB,p00,u36,1.0
dsp_only/white/snr_+0dB,p00,u37,1.0
dsp_only/white/snr_+0dB,p00,u38,0.9756
dsp_only/white/snr_+0dB,p00,u39,1.0
dsp_only/white/snr_+0dB,p00,u40,1.0
dsp_only/white/snr_+0dB,p00,u41,1.0
dsp_only/white/snr_+0dB,p00,u42,1.0
dsp_only/white/snr_+0dB,p00,u43,1.0
dsp_only/white/snr_+0dB,p00,u44,1.0
dsp_only/white/snr_+0dB,p00,u45,1.0
dsp_only/white/snr_+0dB,p00,u46,0.9556
dsp_only/white/snr_+0dB,p00,u47,1.0
dsp_only/white/snr_+0dB,p00,u48,1.0
dsp_only/white/snr_+0dB,p00,u49,1.0
dsp_only/white/snr_+10dB,p00,u00,0.7358
dsp_only/white/snr_+10dB,p00,u01,1.0909
dsp_only/white/snr_+10dB,p00,u02,0.8222
dsp_only/white/snr_+10dB,p00,u03,0.5
dsp_only/white/snr_+10dB,p00,u04,0.6964
dsp_only/white/snr_+10dB,p00,u05,0.75
dsp_only/white/snr_+10dB,p00,u06,0.569
dsp_only/white/snr_+10dB,p00,u07,0.9259
dsp_only/white/snr_+10dB,p00,u08,1.0
dsp_only/white/snr_+10dB,p00,u09,1.0
dsp_only/white/snr_+10dB,p00,u10,0.8833
dsp_only/white/snr_+10dB,p00,u11,0.7143
dsp_only/white/snr_+10dB,p00,u12,0.8438
dsp_only/white/snr_+10dB,p00,u13,0.9608
dsp_only/white/snr_+10dB,p00,u14,1.0
dsp_only/white/snr_+10dB,p00,u15,0.7045
dsp_only/white/snr_+10dB,p00,u16,0.5116
dsp_only/white/snr_+10dB,p00,u17,0.7963
dsp_only/white/snr_+10dB,p00,u18,0.8906
dsp_only/white/snr_+10dB,p00,u19,0.7073
dsp_only/white/snr_+10dB,p00,u20,0.7313
dsp_only/white/snr_+10dB,p00,u21,0.6863
dsp_only/white/snr_+10dB,p00,u22,0.9818
dsp_only/white/snr_+10dB,p00,u23,0.4697
dsp_only/white/snr_+10dB,p00,u24,0.6327
dsp_only/white/snr_+10dB,p00,u25,1.0
dsp_only/white/snr_+10dB,p00,u26,1.2727
dsp_only/white/snr_+10dB,p00,u27,0.8793
dsp_only/white/snr_+10dB,p00,u28,0.8364
dsp_only/white/snr_+10dB,p00,u29,0.7547
dsp_only/white/snr_+10dB,p00,u30,0.8909
dsp_only/white/snr_+10dB,p00,u31,0.8833
dsp_only/white/snr_+10dB,p00,u32,0.6667
dsp_only/white/snr_+10dB,p00,u33,0.8462
dsp_only/white/snr_+10dB,p00,u34,1.2059
dsp_only/white/snr_+10dB,p00,u35,0.9722
dsp_only/white/snr_+10dB,p00,u36,0.625
dsp_only/white/snr_+10dB,p00,u37,1.0
dsp_only/white/snr_+10dB,p00,u38,0.3902
dsp_only/white/snr_+10dB,p00,u39,0.8298
dsp_only/white/snr_+10dB,p00,u40,0.8378
dsp_only/white/snr_+10dB,p00,u41,0.6667
dsp_only/white/snr_+10dB,p00,u42,0.8393
dsp_only/white/snr_+10dB,p00,u43,0.9697
dsp_only/white/snr_+10dB,p00,u44,0.541
dsp_only/white/snr_+10dB,p00,u45,1.3778
dsp_only/white/snr_+10dB,p00,u46,0.9333
dsp_only/white/snr_+10dB,p00,u47,0.4915
dsp_only/white/snr_+10dB,p00,u48,0.5333
dsp_only/white/snr_+10dB,p00,u49,0.6286
dsp_only/white/snr_+20dB,p00,u00,0.566
dsp_only/white/snr_+20dB,p00,u01,0.7091
dsp_only/white/snr_+20dB,p00,u02,0.5333
dsp_only/white/snr_+20dB,p00,u03,0.4516
dsp_only/white/snr_+20dB,p00,u04,0.3929
dsp_only/white/snr_+20dB,p00,u05,0.4821
dsp_only/white/snr_+20dB,p00,u06,0.2759
dsp_only/white/snr_+20dB,p00,u07,0.4815
dsp_only/white/snr_+20dB,p00,u08,0.3333
dsp_only/white/snr_+20dB,p00,u09,1.439
dsp_only/white/snr_+20dB,p00,u10,0.5
dsp_only/white/snr_+20dB,p00,u11,0.4762
dsp_only/white/snr_+20dB,p00,u12,0.625
dsp_only/white/snr_+20dB,p00,u13,0.3333
dsp_only/white/snr_+20dB,p00,u14,0.6471
dsp_only/white/snr_+20dB,p00,u15,0.6364
dsp_only/white/snr_+20dB,p00,u16,0.4186
dsp_only/white/snr_+20dB,p00,u17,0.6667
dsp_only/white/snr_+20dB,p00,u18,0.6719
dsp_only/white/snr_+20dB,p00,u19,0.2683
dsp_only/white/snr_+20dB,p00,u20,0.5373
dsp_only/white/snr_+20dB,p00,u21,0.3922
dsp_only/white/snr_+20dB,p00,u22,0.3818
dsp_only/white/snr_+20dB,p00,u23,0.3182
dsp_only/white/snr_+20dB,p00,u24,0.3878
dsp_only/white/snr_+20dB,p00,u25,0.7547
dsp_only/white/snr_+20dB,p00,u26,0.7273
dsp_only/white/snr_+20dB,p00,u27,0.6034
dsp_only/white/snr_+20dB,p00,u28,0.2909
dsp_only/white/snr_+20dB,p00,u29,0.434
dsp_only/white/snr_+20dB,p00,u30,0.3455
dsp_only/white/snr_+20dB,p00,u31,0.6167
dsp_only/white/snr_+20dB,p00,u32,0.5556
dsp_only/white/snr_+20dB,p00,u33,0.4615
dsp_only/white/snr_+20dB,p00,u34,0.9412
dsp_only/white/snr_+20dB,p00,u35,0.6389
dsp_only/white/snr_+20dB,p00,u36,0.5
dsp_only/white/snr_+20dB,p00,u37,0.6102
dsp_only/white/snr_+20dB,p00,u38,0.1707
dsp_only/white/snr_+20dB,p00,u39,0.5319
dsp_only/white/snr_+20dB,p00,u40,0.5946
dsp_only/white/snr_+20dB,p00,u41,0.3778
dsp_only/white/snr_+20dB,p00,u42,0.7143
dsp_only/white/snr_+20dB,p00,u43,0.3182
dsp_only/white/snr_+20dB,p00,u44,0.3607
dsp_only/white/snr_+20dB,p00,u45,0.7111
dsp_only/white/snr_+20dB,p00,u46,0.6
dsp_only/white/snr_+20dB,p00,u47,0.4915
dsp_only/white/snr_+20dB,p00,u48,0.3778
dsp_only/white/snr_+20dB,p00,u49,0.3714
dsp_only/white/snr_+5dB,p00,u00,1.0
dsp_only/white/snr_+5dB,p00,u01,1.3273
dsp_only/white/snr_+5dB,p00,u02,1.1333
dsp_only/white/snr_+5dB,p00,u03,0.629
dsp_only/white/snr_+5dB,p00,u04,1.0
dsp_only/white/snr_+5dB,p00,u05,0.8214
dsp_only/white/snr_+5dB,p00,u06,1.0
dsp_only/white/snr_+5dB,p00,u07,0.963
dsp_only/white/snr_+5dB,p00,u08,1.0
dsp_only/white/snr_+5dB,p00,u09,0.9268
dsp_only/white/snr_+5dB,p00,u10,1.0167
dsp_only/white/snr_+5dB,p00,u11,1.0
dsp_only/white/snr_+5dB,p00,u12,1.0
dsp_only/white/snr_+5dB,p00,u13,1.0
dsp_only/white/snr_+5dB,p00,u14,1.0
dsp_only/white/snr_+5dB,p00,u15,0.9545
dsp_only/white/snr_+5dB,p00,u16,0.8837
dsp_only/white/snr_+5dB,p00,u17,1.2037
dsp_only/white/snr_+5dB,p00,u18,1.0
dsp_only/white/snr_+5dB,p00,u19,0.8537
dsp_only/white/snr_+5dB,p00,u20,0.9104
dsp_only/white/snr_+5dB,p00,u21,0.902
dsp_only/white/snr_+5dB,p00,u22,1.0
dsp_only/white/snr_+5dB,p00,u23,1.0
dsp_only/white/snr_+5dB,p00,u24,1.1837
dsp_only/white/snr_+5dB,p00,u25,0.9623
dsp_only/white/snr_+5dB,p00,u26,0.8788
dsp_only/white/snr_+5dB,p00,u27,1.0517
dsp_only/white/snr_+5dB,p00,u28,1.0
dsp_only/white/snr_+5dB,p00,u29,1.0943
dsp_only/white/snr_+5dB,p00,u30,1.0
dsp_only/white/snr_+5dB,p00,u31,1.0
dsp_only/white/snr_+5dB,p00,u32,1.0
dsp_only/white/snr_+5dB,p00,u33,1.1795
dsp_only/white/snr_+5dB,p00,u34,1.2647
dsp_only/white/snr_+5dB,p00,u35,1.0
dsp_only/white/snr_+5dB,p00,u36,1.0
dsp_only/white/snr_+5dB,p00,u37,1.0
dsp_only/white/snr_+5dB,p00,u38,0.4634
dsp_only/white/snr_+5dB,p00,u39,0.9787
dsp_only/white/snr_+5dB,p00,u40,1.0
dsp_only/white/snr_+5dB,p00,u41,1.0
dsp_only/white/snr_+5dB,p00,u42,0.8571
dsp_only/white/snr_+5dB,p00,u43,1.0
dsp_only/white/snr_+5dB,p00,u44,1.0
dsp_only/white/snr_+5dB,p00,u45,1.1556
dsp_only/white/snr_+5dB,p00,u46,1.0
dsp_only/white/snr_+5dB,p00,u47,0.661
dsp_only/white/snr_+5dB,p00,u48,0.8667
dsp_only/white/snr_+5dB,p00,u49,0.8857
dsp_only/white/snr_-5dB,p00,u00,1.0
dsp_only/white/snr_-5dB,p00,u01,1.0
dsp_only/white/snr_-5dB,p00,u02,1.0
dsp_only/white/snr_-5dB,p00,u03,1.0
dsp_only/white/snr_-5dB,p00,u04,1.0
dsp_only/white/snr_-5dB,p00,u05,1.0
dsp_only/white/snr_-5dB,p00,u06,1.0
dsp_only/white/snr_-5dB,p00,u07,1.0
dsp_only/white/snr_-5dB,p00,u08,1.0
dsp_only/white/snr_-5dB,p00,u09,1.0
dsp_only/white/snr_-5dB,p00,u10,1.0
dsp_only/white/snr_-5dB,p00,u11,1.0
dsp_only/white/snr_-5dB,p00,u12,1.0
dsp_only/white/snr_-5dB,p00,u13,1.0
dsp_only/white/snr_-5dB,p00,u14,1.0
dsp_only/white/snr_-5dB,p00,u15,1.0
dsp_only/white/snr_-5dB,p00,u16,1.0
dsp_only/white/snr_-5dB,p00,u17,1.0
dsp_only/white/snr_-5dB,p00,u18,1.0
dsp_only/white/snr_-5dB,p00,u19,1.0
dsp_only/white/snr_-5dB,p00,u20,1.0
dsp_only/white/snr_-5dB,p00,u21,1.0
dsp_only/white/snr_-5dB,p00,u22,1.0
dsp_only/white/snr_-5dB,p00,u23,1.0
dsp_only/white/snr_-5dB,p00,u24,1.0
dsp_only/white/snr_-5dB,p00,u25,1.0
dsp_only/white/snr_-5dB,p00,u26,1.0
dsp_only/white/snr_-5dB,p00,u27,1.0
dsp_only/white/snr_-5dB,p00,u28,1.0
dsp_only/white/snr_-5dB,p00,u29,1.0
dsp_only/white/snr_-5dB,p00,u30,1.0
dsp_only/white/snr_-5dB,p00,u31,1.0
dsp_only/white/snr_-5dB,p00,u32,1.0
dsp_only/white/snr_-5dB,p00,u33,1.0
dsp_only/white/snr_-5dB,p00,u34,1.0
dsp_only/white/snr_-5dB,p00,u35,1.0
dsp_only/white/snr_-5dB,p00,u36,1.0
dsp_only/white/snr_-5dB,p00,u37,1.0
dsp_only/white/snr_-5dB,p00,u38,1.0
dsp_only/white/snr_-5dB,p00,u39,1.0
dsp_only/white/snr_-5dB,p00,u40,1.0
dsp_only/white/snr_-5dB,p00,u41,0.9778
dsp_only/white/snr_-5dB,p00,u42,1.0
dsp_only/white/snr_-5dB,p00,u43,1.0
dsp_only/white/snr_-5dB,p00,u44,1.0
dsp_only/white/snr_-5dB,p00,u45,1.0
dsp_only/white/snr_-5dB,p00,u46,1.0
dsp_only/white/snr_-5dB,p00,u47,1.0
dsp_only/white/snr_-5dB,p00,u48,1.0
dsp_only/white/snr_-5dB,p00,u49,1.0
gtcrn/pink/snr_+0dB,p00,u00,1.1321
gtcrn/pink/snr_+0dB,p00,u01,1.0
gtcrn/pink/snr_+0dB,p00,u02,1.1778
gtcrn/pink/snr_+0dB,p00,u03,0.9516
gtcrn/pink/snr_+0dB,p00,u04,1.4821
gtcrn/pink/snr_+0dB,p00,u05,1.0536
gtcrn/pink/snr_+0dB,p00,u06,1.0
gtcrn/pink/snr_+0dB,p00,u07,1.2037
gtcrn/pink/snr_+0dB,p00,u08,1.0238
gtcrn/pink/snr_+0dB,p00,u09,1.0
gtcrn/pink/snr_+0dB,p00,u10,1.0
gtcrn/pink/snr_+0dB,p00,u11,1.3333
gtcrn/pink/snr_+0dB,p00,u12,1.25
gtcrn/pink/snr_+0dB,p00,u13,0.9804
gtcrn/pink/snr_+0dB,p00,u14,1.0784
gtcrn/pink/snr_+0dB,p00,u15,0.9545
gtcrn/pink/snr_+0dB,p00,u16,1.6512
gtcrn/pink/snr_+0dB,p00,u17,0.9444
gtcrn/pink/snr_+0dB,p00,u18,1.1875
gtcrn/pink/snr_+0dB,p00,u19,0.9268
gtcrn/pink/snr_+0dB,p00,u20,0.9254
gtcrn/pink/snr_+0dB,p00,u21,0.9412
gtcrn/pink/snr_+0dB,p00,u22,0.9636
gtcrn/pink/snr_+0dB,p00,u23,0.8333
gtcrn/pink/snr_+0dB,p00,u24,1.102
gtcrn/pink/snr_+0dB,p00,u25,1.0
gtcrn/pink/snr_+0dB,p00,u26,0.9697
gtcrn/pink/snr_+0dB,p00,u27,1.0862
gtcrn/pink/snr_+0dB,p00,u28,0.9636
gtcrn/pink/snr_+0dB,p00,u29,1.1132
gtcrn/pink/snr_+0dB,p00,u30,0.8909
gtcrn/pink/snr_+0dB,p00,u31,0.8833
gtcrn/pink/snr_+0dB,p00,u32,1.1944
gtcrn/pink/snr_+0dB,p00,u33,0.9231
gtcrn/pink/snr_+0dB,p00,u34,1.3529
gtcrn/pink/snr_+0dB,p00,u35,1.0
gtcrn/pink/snr_+0dB,p00,u36,0.7
gtcrn/pink/snr_+0dB,p00,u37,1.0
gtcrn/pink/snr_+0dB,p00,u38,1.1707
gtcrn/pink/snr_+0dB,p00,u39,1.2128
gtcrn/pink/snr_+0dB,p00,u40,0.973
gtcrn/pink/snr_+0dB,p00,u41,1.8889
gtcrn/pink/snr_+0dB,p00,u42,1.2321
gtcrn/pink/snr_+0dB,p00,u43,1.0
gtcrn/pink/snr_+0dB,p00,u44,0.9672
gtcrn/pink/snr_+0dB,p00,u45,1.4444
gtcrn/pink/snr_+0dB,p00,u46,0.9333
gtcrn/pink/snr_+0dB,p00,u47,0.7966
gtcrn/pink/snr_+0dB,p00,u48,1.0
gtcrn/pink/snr_+0dB,p00,u49,1.2286
gtcrn/pink/snr_+10dB,p00,u00,0.4906
gtcrn/pink/snr_+10dB,p00,u01,0.5818
gtcrn/pink/snr_+10dB,p00,u02,0.5556
gtcrn/pink/snr_+10dB,p00,u03,0.5161
gtcrn/pink/snr_+10dB,p00,u04,0.5179
gtcrn/pink/snr_+10dB,p00,u05,0.375
gtcrn/pink/snr_+10dB,p00,u06,0.3276
gtcrn/pink/snr_+10dB,p00,u07,0.537
gtcrn/pink/snr_+10dB,p00,u08,0.7857
gtcrn/pink/snr_+10dB,p00,u09,0.9024
gtcrn/pink/snr_+10dB,p00,u10,0.4667
gtcrn/pink/snr_+10dB,p00,u11,0.4524
gtcrn/pink/snr_+10dB,p00,u12,0.4688
gtcrn/pink/snr_+10dB,p00,u13,0.4314
gtcrn/pink/snr_+10dB,p00,u14,0.5686
gtcrn/pink/snr_+10dB,p00,u15,0.6818
gtcrn/pink/snr_+10dB,p00,u16,0.3721
gtcrn/pink/snr_+10dB,p00,u17,0.8333
gtcrn/pink/snr_+10dB,p00,u18,0.4844
gtcrn/pink/snr_+10dB,p00,u19,0.3659
gtcrn/pink/snr_+10dB,p00,u20,0.597
gtcrn/pink/snr_+10dB,p00,u21,0.4118
gtcrn/pink/snr_+10dB,p00,u22,0.5455
gtcrn/pink/snr_+10dB,p00,u23,0.303
gtcrn/pink/snr_+10dB,p00,u24,0.4898
gtcrn/pink/snr_+10dB,p00,u25,0.6604
gtcrn/pink/snr_+10dB,p00,u26,0.5455
gtcrn/pink/snr_+10dB,p00,u27,0.5862
gtcrn/pink/snr_+10dB,p00,u28,0.5455
gtcrn/pink/snr_+10dB,p00,u29,0.5472
gtcrn/pink/snr_+10dB,p00,u30,0.3818
gtcrn/pink/snr_+10dB,p00,u31,0.55
gtcrn/pink/snr_+10dB,p00,u32,0.6111
gtcrn/pink/snr_+10dB,p00,u33,0.9487
gtcrn/pink/snr_+10dB,p00,u34,0.6176
gtcrn/pink/snr_+10dB,p00,u35,0.7222
gtcrn/pink/snr_+10dB,p00,u36,0.275
gtcrn/pink/snr_+10dB,p00,u37,0.5254
gtcrn/pink/snr_+10dB,p00,u38,0.2683
gtcrn/pink/snr_+10dB,p00,u39,0.7447
gtcrn/pink/snr_+10dB,p00,u40,0.6216
gtcrn/pink/snr_+10dB,p00,u41,0.6222
gtcrn/pink/snr_+10dB,p00,u42,0.5
gtcrn/pink/snr_+10dB,p00,u43,0.4697
gtcrn/pink/snr_+10dB,p00,u44,0.3115
gtcrn/pink/snr_+10dB,p00,u45,1.0222
gtcrn/pink/snr_+10dB,p00,u46,0.6222
gtcrn/pink/snr_+10dB,p00,u47,0.4576
gtcrn/pink/snr_+10dB,p00,u48,0.3333
gtcrn/pink/snr_+10dB,p00,u49,0.4857
gtcrn/pink/snr_+20dB,p00,u00,0.3396
gtcrn/pink/snr_+20dB,p00,u01,0.5455
gtcrn/pink/snr_+20dB,p00,u02,0.4222
gtcrn/pink/snr_+20dB,p00,u03,0.3548
gtcrn/pink/snr_+20dB,p00,u04,0.1964
gtcrn/pink/snr_+20dB,p00,u05,0.2143
gtcrn/pink/snr_+20dB,p00,u06,0.1897
gtcrn/pink/snr_+20dB,p00,u07,0.3333
gtcrn/pink/snr_+20dB,p00,u08,0.381
gtcrn/pink/snr_+20dB,p00,u09,0.6098
gtcrn/pink/snr_+20dB,p00,u10,0.4333
gtcrn/pink/snr_+20dB,p00,u11,0.2857
gtcrn/pink/snr_+20dB,p00,u12,0.3438
gtcrn/pink/snr_+20dB,p00,u13,0.2941
gtcrn/pink/snr_+20dB,p00,u14,0.4314
gtcrn/pink/snr_+20dB,p00,u15,0.5909
gtcrn/pink/snr_+20dB,p00,u16,0.2326
gtcrn/pink/snr_+20dB,p00,u17,0.6111
gtcrn/pink/snr_+20dB,p00,u18,0.2656
gtcrn/pink/snr_+20dB,p00,u19,0.2927
gtcrn/pink/snr_+20dB,p00,u20,0.4179
gtcrn/pink/snr_+20dB,p00,u21,0.3333
gtcrn/pink/snr_+20dB,p00,u22,0.4
gtcrn/pink/snr_+20dB,p00,u23,0.2273
gtcrn/pink/snr_+20dB,p00,u24,0.3673
gtcrn/pink/snr_+20dB,p00,u25,0.3585
gtcrn/pink/snr_+20dB,p00,u26,0.4545
gtcrn/pink/snr_+20dB,p00,u27,0.3621
gtcrn/pink/snr_+20dB,p00,u28,0.2364
gtcrn/pink/snr_+20dB,p00,u29,0.3019
gtcrn/pink/snr_+20dB,p00,u30,0.2727
gtcrn/pink/snr_+20dB,p00,u31,0.3
gtcrn/pink/snr_+20dB,p00,u32,0.2778
gtcrn/pink/snr_+20dB,p00,u33,0.5641
gtcrn/pink/snr_+20dB,p00,u34,0.6176
gtcrn/pink/snr_+20dB,p00,u35,0.5
gtcrn/pink/snr_+20dB,p00,u36,0.375
gtcrn/pink/snr_+20dB,p00,u37,0.1864
gtcrn/pink/snr_+20dB,p00,u38,0.1951
gtcrn/pink/snr_+20dB,p00,u39,0.4043
gtcrn/pink/snr_+20dB,p00,u40,0.5676
gtcrn/pink/snr_+20dB,p00,u41,0.4222
gtcrn/pink/snr_+20dB,p00,u42,0.4643
gtcrn/pink/snr_+20dB,p00,u43,0.2121
gtcrn/pink/snr_+20dB,p00,u44,0.2295
gtcrn/pink/snr_+20dB,p00,u45,0.4444
gtcrn/pink/snr_+20dB,p00,u46,0.6
gtcrn/pink/snr_+20dB,p00,u47,0.3559
gtcrn/pink/snr_+20dB,p00,u48,0.2667
gtcrn/pink/snr_+20dB,p00,u49,0.4286
gtcrn/pink/snr_+5dB,p00,u00,0.6604
gtcrn/pink/snr_+5dB,p00,u01,0.9636
gtcrn/pink/snr_+5dB,p00,u02,0.8889
gtcrn/pink/snr_+5dB,p00,u03,0.5161
gtcrn/pink/snr_+5dB,p00,u04,0.5536
gtcrn/pink/snr_+5dB,p00,u05,0.7857
gtcrn/pink/snr_+5dB,p00,u06,0.5862
gtcrn/pink/snr_+5dB,p00,u07,1.2407
gtcrn/pink/snr_+5dB,p00,u08,1.0714
gtcrn/pink/snr_+5dB,p00,u09,1.0732
gtcrn/pink/snr_+5dB,p00,u10,0.7667
gtcrn/pink/snr_+5dB,p00,u11,0.619
gtcrn/pink/snr_+5dB,p00,u12,0.75
gtcrn/pink/snr_+5dB,p00,u13,0.8824
gtcrn/pink/snr_+5dB,p00,u14,0.9412
gtcrn/pink/snr_+5dB,p00,u15,0.9545
gtcrn/pink/snr_+5dB,p00,u16,0.5581
gtcrn/pink/snr_+5dB,p00,u17,1.0556
gtcrn/pink/snr_+5dB,p00,u18,0.875
gtcrn/pink/snr_+5dB,p00,u19,0.4146
gtcrn/pink/snr_+5dB,p00,u20,0.7313
gtcrn/pink/snr_+5dB,p00,u21,0.8824
gtcrn/pink/snr_+5dB,p00,u22,0.7636
gtcrn/pink/snr_+5dB,p00,u23,0.5455
gtcrn/pink/snr_+5dB,p00,u24,0.8776
gtcrn/pink/snr_+5dB,p00,u25,0.8491
gtcrn/pink/snr_+5dB,p00,u26,0.8182
gtcrn/pink/snr_+5dB,p00,u27,0.7931
gtcrn/pink/snr_+5dB,p00,u28,0.8
gtcrn/pink/snr_+5dB,p00,u29,1.0
gtcrn/pink/snr_+5dB,p00,u30,0.7455
gtcrn/pink/snr_+5dB,p00,u31,1.0667
gtcrn/pink/snr_+5dB,p00,u32,2.3333
gtcrn/pink/snr_+5dB,p00,u33,0.8974
gtcrn/pink/snr_+5dB,p00,u34,1.0
gtcrn/pink/snr_+5dB,p00,u35,1.0278
gtcrn/pink/snr_+5dB,p00,u36,0.775
gtcrn/pink/snr_+5dB,p00,u37,1.1525
gtcrn/pink/snr_+5dB,p00,u38,0.5122
gtcrn/pink/snr_+5dB,p00,u39,0.8298
gtcrn/pink/snr_+5dB,p00,u40,0.9459
gtcrn/pink/snr_+5dB,p00,u41,1.0667
gtcrn/pink/snr_+5dB,p00,u42,0.6786
gtcrn/pink/snr_+5dB,p00,u43,1.1818
gtcrn/pink/snr_+5dB,p00,u44,0.5902
gtcrn/pink/snr_+5dB,p00,u45,1.2222
gtcrn/pink/snr_+5dB,p00,u46,0.6444
gtcrn/pink/snr_+5dB,p00,u47,0.5763
gtcrn/pink/snr_+5dB,p00,u48,0.9111
gtcrn/pink/snr_+5dB,p00,u49,0.9429
gtcrn/pink/snr_-5dB,p00,u00,1.1509
gtcrn/pink/snr_-5dB,p00,u01,0.9455
gtcrn/pink/snr_-5dB,p00,u02,1.0
gtcrn/pink/snr_-5dB,p00,u03,1.0
gtcrn/pink/snr_-5dB,p00,u04,1.0
gtcrn/pink/snr_-5dB,p00,u05,3.8929
gtcrn/pink/snr_-5dB,p00,u06,1.2069
gtcrn/pink/snr_-5dB,p00,u07,1.0
gtcrn/pink/snr_-5dB,p00,u08,1.0
gtcrn/pink/snr_-5dB,p00,u09,1.4146
gtcrn/pink/snr_-5dB,p00,u10,0.9833
gtcrn/pink/snr_-5dB,p00,u11,1.0
gtcrn/pink/snr_-5dB,p00,u12,1.4375
gtcrn/pink/snr_-5dB,p00,u13,0.9608
gtcrn/pink/snr_-5dB,p00,u14,2.1765
gtcrn/pink/snr_-5dB,p00,u15,1.0
gtcrn/pink/snr_-5dB,p00,u16,1.3256
gtcrn/pink/snr_-5dB,p00,u17,2.5
gtcrn/pink/snr_-5dB,p00,u18,2.7969
gtcrn/pink/snr_-5dB,p00,u19,1.0
gtcrn/pink/snr_-5dB,p00,u20,1.0
gtcrn/pink/snr_-5dB,p00,u21,1.0196
gtcrn/pink/snr_-5dB,p00,u22,1.0
gtcrn/pink/snr_-5dB,p00,u23,0.9697
gtcrn/pink/snr_-5dB,p00,u24,0.9184
gtcrn/pink/snr_-5dB,p00,u25,1.0
gtcrn/pink/snr_-5dB,p00,u26,1.0909
gtcrn/pink/snr_-5dB,p00,u27,0.9828
gtcrn/pink/snr_-5dB,p00,u28,0.9636
gtcrn/pink/snr_-5dB,p00,u29,1.0
gtcrn/pink/snr_-5dB,p00,u30,1.0
gtcrn/pink/snr_-5dB,p00,u31,1.0
gtcrn/pink/snr_-5dB,p00,u32,1.4722
gtcrn/pink/snr_-5dB,p00,u33,1.0
gtcrn/pink/snr_-5dB,p00,u34,1.0
gtcrn/pink/snr_-5dB,p00,u35,1.0
gtcrn/pink/snr_-5dB,p00,u36,0.9
gtcrn/pink/snr_-5dB,p00,u37,0.9831
gtcrn/pink/snr_-5dB,p00,u38,0.9268
gtcrn/pink/snr_-5dB,p00,u39,1.0
gtcrn/pink/snr_-5dB,p00,u40,0.973
gtcrn/pink/snr_-5dB,p00,u41,1.0
gtcrn/pink/snr_-5dB,p00,u42,1.0
gtcrn/pink/snr_-5dB,p00,u43,1.0
gtcrn/pink/snr_-5dB,p00,u44,1.2295
gtcrn/pink/snr_-5dB,p00,u45,0.9333
gtcrn/pink/snr_-5dB,p00,u46,0.9333
gtcrn/pink/snr_-5dB,p00,u47,1.0
gtcrn/pink/snr_-5dB,p00,u48,0.9333
gtcrn/pink/snr_-5dB,p00,u49,1.0
gtcrn/white/snr_+0dB,p00,u00,0.9434
gtcrn/white/snr_+0dB,p00,u01,2.3455
gtcrn/white/snr_+0dB,p00,u02,0.9556
gtcrn/white/snr_+0dB,p00,u03,0.9677
gtcrn/white/snr_+0dB,p00,u04,1.3929
gtcrn/white/snr_+0dB,p00,u05,0.9643
gtcrn/white/snr_+0dB,p00,u06,1.1724
gtcrn/white/snr_+0dB,p00,u07,1.2037
gtcrn/white/snr_+0dB,p00,u08,1.0476
gtcrn/white/snr_+0dB,p00,u09,1.0
gtcrn/white/snr_+0dB,p00,u10,1.0833
gtcrn/white/snr_+0dB,p00,u11,1.2381
gtcrn/white/snr_+0dB,p00,u12,0.9375
gtcrn/white/snr_+0dB,p00,u13,0.9608
gtcrn/white/snr_+0dB,p00,u14,0.9608
gtcrn/white/snr_+0dB,p00,u15,1.1818
gtcrn/white/snr_+0dB,p00,u16,2.3256
gtcrn/white/snr_+0dB,p00,u17,0.9444
gtcrn/white/snr_+0dB,p00,u18,1.1719
gtcrn/white/snr_+0dB,p00,u19,1.0732
gtcrn/white/snr_+0dB,p00,u20,0.9701
gtcrn/white/snr_+0dB,p00,u21,0.9804
gtcrn/white/snr_+0dB,p00,u22,0.9455
gtcrn/white/snr_+0dB,p00,u23,0.9242
gtcrn/white/snr_+0dB,p00,u24,1.1224
gtcrn/white/snr_+0dB,p00,u25,1.0
gtcrn/white/snr_+0dB,p00,u26,1.4545
gtcrn/white/snr_+0dB,p00,u27,0.9138
gtcrn/white/snr_+0dB,p00,u28,0.9636
gtcrn/white/snr_+0dB,p00,u29,2.4151
gtcrn/white/snr_+0dB,p00,u30,1.0
gtcrn/white/snr_+0dB,p00,u31,0.9667
gtcrn/white/snr_+0dB,p00,u32,1.5556
gtcrn/white/snr_+0dB,p00,u33,1.1026
gtcrn/white/snr_+0dB,p00,u34,0.9412
gtcrn/white/snr_+0dB,p00,u35,1.1111
gtcrn/white/snr_+0dB,p00,u36,0.975
gtcrn/white/snr_+0dB,p00,u37,0.9153
gtcrn/white/snr_+0dB,p00,u38,1.4146
gtcrn/white/snr_+0dB,p00,u39,1.0
gtcrn/white/snr_+0dB,p00,u40,1.1892
gtcrn/white/snr_+0dB,p00,u41,1.0667
gtcrn/white/snr_+0dB,p00,u42,1.3571
gtcrn/white/snr_+0dB,p00,u43,0.9697
gtcrn/white/snr_+0dB,p00,u44,1.0656
gtcrn/white/snr_+0dB,p00,u45,1.2
gtcrn/white/snr_+0dB,p00,u46,1.6889
gtcrn/white/snr_+0dB,p00,u47,1.0508
gtcrn/white/snr_+0dB,p00,u48,1.1556
gtcrn/white/snr_+0dB,p00,u49,0.9429
gtcrn/white/snr_+10dB,p00,u00,0.6038
gtcrn/white/snr_+10dB,p00,u01,1.3818
gtcrn/white/snr_+10dB,p00,u02,0.7556
gtcrn/white/snr_+10dB,p00,u03,0.5161
gtcrn/white/snr_+10dB,p00,u04,0.4821
gtcrn/white/snr_+10dB,p00,u05,0.6071
gtcrn/white/snr_+10dB,p00,u06,0.3448
gtcrn/white/snr_+10dB,p00,u07,0.6667
gtcrn/white/snr_+10dB,p00,u08,0.9524
gtcrn/white/snr_+10dB,p00,u09,0.8537
gtcrn/white/snr_+10dB,p00,u10,0.6333
gtcrn/white/snr_+10dB,p00,u11,0.7857
gtcrn/white/snr_+10dB,p00,u12,0.5625
gtcrn/white/snr_+10dB,p00,u13,0.5294
gtcrn/white/snr_+10dB,p00,u14,0.6667
gtcrn/white/snr_+10dB,p00,u15,0.6364
gtcrn/white/snr_+10dB,p00,u16,0.4651
gtcrn/white/snr_+10dB,p00,u17,0.8889
gtcrn/white/snr_+10dB,p00,u18,0.6875
gtcrn/white/snr_+10dB,p00,u19,0.5122
gtcrn/white/snr_+10dB,p00,u20,0.6866
gtcrn/white/snr_+10dB,p00,u21,0.8039
gtcrn/white/snr_+10dB,p00,u22,0.6182
gtcrn/white/snr_+10dB,p00,u23,0.3182
gtcrn/white/snr_+10dB,p00,u24,0.5918
gtcrn/white/snr_+10dB,p00,u25,1.0
gtcrn/white/snr_+10dB,p00,u26,0.7273
gtcrn/white/snr_+10dB,p00,u27,0.8621
gtcrn/white/snr_+10dB,p00,u28,0.7455
gtcrn/white/snr_+10dB,p00,u29,0.5849
gtcrn/white/snr_+10dB,p00,u30,0.5455
gtcrn/white/snr_+10dB,p00,u31,0.75
gtcrn/white/snr_+10dB,p00,u32,0.8056
gtcrn/white/snr_+10dB,p00,u33,0.9744
gtcrn/white/snr_+10dB,p00,u34,0.6176
gtcrn/white/snr_+10dB,p00,u35,0.8056
gtcrn/white/snr_+10dB,p00,u36,0.775
gtcrn/white/snr_+10dB,p00,u37,1.0
gtcrn/white/snr_+10dB,p00,u38,0.439
gtcrn/white/snr_+10dB,p00,u39,0.8723
gtcrn/white/snr_+10dB,p00,u40,0.7568
gtcrn/white/snr_+10dB,p00,u41,0.8444
gtcrn/white/snr_+10dB,p00,u42,0.625
gtcrn/white/snr_+10dB,p00,u43,0.9091
gtcrn/white/snr_+10dB,p00,u44,0.623
gtcrn/white/snr_+10dB,p00,u45,0.8889
gtcrn/white/snr_+10dB,p00,u46,0.6889
gtcrn/white/snr_+10dB,p00,u47,0.4746
gtcrn/white/snr_+10dB,p00,u48,0.6222
gtcrn/white/snr_+10dB,p00,u49,0.5429
gtcrn/white/snr_+20dB,p00,u00,0.3585
gtcrn/white/snr_+20dB,p00,u01,0.4727
gtcrn/white/snr_+20dB,p00,u02,0.4444
gtcrn/white/snr_+20dB,p00,u03,0.3871
gtcrn/white/snr_+20dB,p00,u04,0.2143
gtcrn/white/snr_+20dB,p00,u05,0.25
gtcrn/white/snr_+20dB,p00,u06,0.1552
gtcrn/white/snr_+20dB,p00,u07,0.3333
gtcrn/white/snr_+20dB,p00,u08,0.1667
gtcrn/white/snr_+20dB,p00,u09,0.7561
gtcrn/white/snr_+20dB,p00,u10,0.4667
gtcrn/white/snr_+20dB,p00,u11,0.381
gtcrn/white/snr_+20dB,p00,u12,0.3125
gtcrn/white/snr_+20dB,p00,u13,0.3333
gtcrn/white/snr_+20dB,p00,u14,0.451
gtcrn/white/snr_+20dB,p00,u15,0.5909
gtcrn/white/snr_+20dB,p00,u16,0.3023
gtcrn/white/snr_+20dB,p00,u17,0.6667
gtcrn/white/snr_+20dB,p00,u18,0.2969
gtcrn/white/snr_+20dB,p00,u19,0.2683
gtcrn/white/snr_+20dB,p00,u20,0.4478
gtcrn/white/snr_+20dB,p00,u21,0.4118
gtcrn/white/snr_+20dB,p00,u22,0.2727
gtcrn/white/snr_+20dB,p00,u23,0.2576
gtcrn/white/snr_+20dB,p00,u24,0.3673
gtcrn/white/snr_+20dB,p00,u25,0.3962
gtcrn/white/snr_+20dB,p00,u26,0.4545
gtcrn/white/snr_+20dB,p00,u27,0.5345
gtcrn/white/snr_+20dB,p00,u28,0.2
gtcrn/white/snr_+20dB,p00,u29,0.4151
gtcrn/white/snr_+20dB,p00,u30,0.2364
gtcrn/white/snr_+20dB,p00,u31,0.55
gtcrn/white/snr_+20dB,p00,u32,0.2778
gtcrn/white/snr_+20dB,p00,u33,0.359
gtcrn/white/snr_+20dB,p00,u34,0.5588
gtcrn/white/snr_+20dB,p00,u35,0.4167
gtcrn/white/snr_+20dB,p00,u36,0.275
gtcrn/white/snr_+20dB,p00,u37,0.3051
gtcrn/white/snr_+20dB,p00,u38,0.2439
gtcrn/white/snr_+20dB,p00,u39,0.4043
gtcrn/white/snr_+20dB,p00,u40,0.6216
gtcrn/white/snr_+20dB,p00,u41,0.3778
gtcrn/white/snr_+20dB,p00,u42,0.4643
gtcrn/white/snr_+20dB,p00,u43,0.2879
gtcrn/white/snr_+20dB,p00,u44,0.1475
gtcrn/white/snr_+20dB,p00,u45,0.3778
gtcrn/white/snr_+20dB,p00,u46,0.5556
gtcrn/white/snr_+20dB,p00,u47,0.4407
gtcrn/white/snr_+20dB,p00,u48,0.2222
gtcrn/white/snr_+20dB,p00,u49,0.4
gtcrn/white/snr_+5dB,p00,u00,0.8113
gtcrn/white/snr_+5dB,p00,u01,0.9818
gtcrn/white/snr_+5dB,p00,u02,0.9333
gtcrn/white/snr_+5dB,p00,u03,0.6129
gtcrn/white/snr_+5dB,p00,u04,0.8214
gtcrn/white/snr_+5dB,p00,u05,1.1786
gtcrn/white/snr_+5dB,p00,u06,0.4828
gtcrn/white/snr_+5dB,p00,u07,0.9815
gtcrn/white/snr_+5dB,p00,u08,0.8333
gtcrn/white/snr_+5dB,p00,u09,1.2927
gtcrn/white/snr_+5dB,p00,u10,0.7667
gtcrn/white/snr_+5dB,p00,u11,0.7381
gtcrn/white/snr_+5dB,p00,u12,0.8125
gtcrn/white/snr_+5dB,p00,u13,1.3137
gtcrn/white/snr_+5dB,p00,u14,0.9412
gtcrn/white/snr_+5dB,p00,u15,0.75
gtcrn/white/snr_+5dB,p00,u16,0.7907
gtcrn/white/snr_+5dB,p00,u17,0.9815
gtcrn/white/snr_+5dB,p00,u18,0.9531
gtcrn/white/snr_+5dB,p00,u19,0.5854
gtcrn/white/snr_+5dB,p00,u20,0.7313
gtcrn/white/snr_+5dB,p00,u21,1.0784
gtcrn/white/snr_+5dB,p00,u22,0.9091
gtcrn/white/snr_+5dB,p00,u23,0.9242
gtcrn/white/snr_+5dB,p00,u24,1.102
gtcrn/white/snr_+5dB,p00,u25,0.7736
gtcrn/white/snr_+5dB,p00,u26,1.0909
gtcrn/white/snr_+5dB,p00,u27,1.2586
gtcrn/white/snr_+5dB,p00,u28,0.9636
gtcrn/white/snr_+5dB,p00,u29,1.2264
gtcrn/white/snr_+5dB,p00,u30,0.9091
gtcrn/white/snr_+5dB,p00,u31,0.95
gtcrn/white/snr_+5dB,p00,u32,1.0278
gtcrn/white/snr_+5dB,p00,u33,1.0
gtcrn/white/snr_+5dB,p00,u34,1.0
gtcrn/white/snr_+5dB,p00,u35,1.0
gtcrn/white/snr_+5dB,p00,u36,0.825
gtcrn/white/snr_+5dB,p00,u37,1.1525
gtcrn/white/snr_+5dB,p00,u38,1.3171
gtcrn/white/snr_+5dB,p00,u39,0.9362
gtcrn/white/snr_+5dB,p00,u40,1.0541
gtcrn/white/snr_+5dB,p00,u41,1.0222
gtcrn/white/snr_+5dB,p00,u42,0.7679
gtcrn/white/snr_+5dB,p00,u43,0.8939
gtcrn/white/snr_+5dB,p00,u44,0.8689
gtcrn/white/snr_+5dB,p00,u45,0.9778
gtcrn/white/snr_+5dB,p00,u46,1.1111
gtcrn/white/snr_+5dB,p00,u47,0.678
gtcrn/white/snr_+5dB,p00,u48,0.8889
gtcrn/white/snr_+5dB,p00,u49,0.9143
gtcrn/white/snr_-5dB,p00,u00,0.9811
gtcrn/white/snr_-5dB,p00,u01,0.9818
gtcrn/white/snr_-5dB,p00,u02,1.0
gtcrn/white/snr_-5dB,p00,u03,1.0
gtcrn/white/snr_-5dB,p00,u04,1.375
gtcrn/white/snr_-5dB,p00,u05,1.1786
gtcrn/white/snr_-5dB,p00,u06,0.9828
gtcrn/white/snr_-5dB,p00,u07,1.3333
gtcrn/white/snr_-5dB,p00,u08,0.9762
gtcrn/white/snr_-5dB,p00,u09,0.9756
gtcrn/white/snr_-5dB,p00,u10,1.1667
gtcrn/white/snr_-5dB,p00,u11,1.119
gtcrn/white/snr_-5dB,p00,u12,1.3125
gtcrn/white/snr_-5dB,p00,u13,1.0
gtcrn/white/snr_-5dB,p00,u14,0.9608
gtcrn/white/snr_-5dB,p00,u15,1.0909
gtcrn/white/snr_-5dB,p00,u16,0.9767
gtcrn/white/snr_-5dB,p00,u17,2.037
gtcrn/white/snr_-5dB,p00,u18,1.0312
gtcrn/white/snr_-5dB,p00,u19,1.1463
gtcrn/white/snr_-5dB,p00,u20,1.0746
gtcrn/white/snr_-5dB,p00,u21,1.0
gtcrn/white/snr_-5dB,p00,u22,1.0
gtcrn/white/snr_-5dB,p00,u23,1.5303
gtcrn/white/snr_-5dB,p00,u24,0.9592
gtcrn/white/snr_-5dB,p00,u25,0.9811
gtcrn/white/snr_-5dB,p00,u26,0.9697
gtcrn/white/snr_-5dB,p00,u27,0.9483
gtcrn/white/snr_-5dB,p00,u28,1.0364
gtcrn/white/snr_-5dB,p00,u29,0.9811
gtcrn/white/snr_-5dB,p00,u30,0.9455
gtcrn/white/snr_-5dB,p00,u31,1.0
gtcrn/white/snr_-5dB,p00,u32,1.0
gtcrn/white/snr_-5dB,p00,u33,1.5641
gtcrn/white/snr_-5dB,p00,u34,1.9118
gtcrn/white/snr_-5dB,p00,u35,1.0
gtcrn/white/snr_-5dB,p00,u36,0.975
gtcrn/white/snr_-5dB,p00,u37,1.2881
gtcrn/white/snr_-5dB,p00,u38,1.2927
gtcrn/white/snr_-5dB,p00,u39,1.0213
gtcrn/white/snr_-5dB,p00,u40,1.6757
gtcrn/white/snr_-5dB,p00,u41,1.5111
gtcrn/white/snr_-5dB,p00,u42,1.4464
gtcrn/white/snr_-5dB,p00,u43,3.3182
gtcrn/white/snr_-5dB,p00,u44,0.9508
gtcrn/white/snr_-5dB,p00,u45,1.0
gtcrn/white/snr_-5dB,p00,u46,1.5778
gtcrn/white/snr_-5dB,p00,u47,0.9492
gtcrn/white/snr_-5dB,p00,u48,0.9778
gtcrn/white/snr_-5dB,p00,u49,1.6286
