utt,spk,asr,cond,cer,hyp
p00_u00,p00,mms-1b-all,no_se,0.3188,그 산실는 씨일 우 시민들이 안전하게 제중규통을 위용하기 위회 제중교통 훈잡도 안장관리 대척 회기를 열부 정색 정업에 나었다
p00_u00,p00,mms-1b-all,taps,0.2029,구산시는 티일 5 시민들이 안전하게 데중규통을 이용하기 위에 대중교통 훈잡도 안정관리 대책 회일를 열고 정택 던검에 나섰다
p00_u00,p00,mms-1b-all,enc5,0.2029,부산시는 피일 5우 시민들이 안전하게 데중규통을 이용하기 위해 대중교통 훈잡도 안정관리 대책 회일를 열고 경택 경업에 나섰다
p00_u00,p00,mms-1b-all,ce0,0.2174,부산시는 7일 5 시민들이 안전하게 데중규통을 이용하기 위해 대중교통 훈잡도 안정관리 대책 회일를 여러부 정책 경업에 나섰다
p00_u00,p00,mms-1b-all,ce10,0.2029,두산시는 7일 5우 시민들이 안전하을 대중규통을 이용하기 위해 대중교통 훈잡도 안정관리 대책 쇠리를 열고 정책 경검에 나셨다
p00_u00,p00,xlsr-korean,no_se,0.4783,국단시는 칠 일 오후 평년들이 안단아며 별등평안 우병우 함류 두여 발경교 한력분 안당아리 대평회의 열고 발평 발검에 나섰다
p00_u00,p00,xlsr-korean,taps,0.0580,부산시는 칠 일 오후 시민들이 안전하게 대중교통을 이용하기 위해 대중 교통 혼자도 안전관리 대책회의를 열고 정책경검에 나섰다
p00_u00,p00,xlsr-korean,enc5,0.0725,부산시는 칠 일 오후 시민들이 안전하게 대중 교통을 이용하기 위해 대중 교통 혼자도 안전관리 대책회의를 열고 경책 경검에 나섰다
p00_u00,p00,xlsr-korean,ce0,0.0435,부산지는 칠 일 오후 시민들이 안전하게 대중교통을 이용하기 위해 대중교통 혼장도 안전관리 대책회의를 열고 정책 경검에 나섰다
p00_u00,p00,xlsr-korean,ce10,0.1304,부한시는 칠 일 오후 시민들이 안전하을 대중교통을 이용하기 위해 대중교통 환자도 안전관리 대책흔리을 열고 경책 경검에 나섰다
p00_u00,p00,whisper-small,taps,0.0870,부산시는 키를 오후 시민들이 안전하게 대중교통을 이용하기 위해 대중교통 혼잡도 안전관리 대책회의를 열고 정택점검에 나섰다.
p00_u00,p00,whisper-small,ce10,0.0580,부산시는 7일 오후 시민들이 안전하게 대중교통을 이용하기 위해 대중교통 혼잡도 안전관리 대책 회의를 열고 정책 경검에 나섰다
p00_u00,p00,whisper-small,taps_notch,0.0870,부산시는 키를 오후 시민들이 안전하게 대중교통을 이용하기 위해 대중교통 혼잡도 안전관리 대책회의를 열고 정택점검에 나섰다.
p00_u00,p00,whisper-small,ce10_notch,0.0580,부산시는 7일 오후 시민들이 안전하게 대중교통을 이용하기 위해 대중교통 혼잡도 안전관리 대책 회의를 열고 정책 경검에 나섰다
p00_u00,p00,whisper-small,taps_lpf4k,0.0435,부산시는 7일 오후 시민들이 안전하게 대중교통을 이용하기 위해 대중교통 혼잡도 안전관리 대책회의를 열고 정책 점검에 나섰다.
p00_u00,p00,whisper-small,ce10_lpf4k,0.0725,부산시는 7일 오후 시민들이 안전하게 대중교통을 이용하기 위해 대중교통 혼잡도 안전관리 대책 회의를 열고 정책 경검에 나섰다.
p00_u00,p00,whisper-small,hyb_tapsLow_ceHigh,0.0580,부산시는 7일 오후 시민들이 안전하게 대중교통을 이용하기 위해 대중교통 혼잡도 안전관리 대책회의를 열고 정책 경검에 나섰다.
p00_u00,p00,whisper-small,hyb_ceLow_tapsHigh,0.0580,부산시는 7일 오후 시민들이 안전하게 대중교통을 이용하기 위해 대중교통 혼잡도 안전관리 대책회의를 열고 정책 경검에 나섰다.
p00_u01,p00,mms-1b-all,no_se,0.4571,이나의 이는 피 부상 접통군사 흰에 마을 버스 은송 사업 조합등이 참석의 안전 학부 추진 상한 전건과 안전 관리 장아방하을 함께 모었켰다
p00_u01,p00,mms-1b-all,taps,0.2857,인날 후이는 시 부상 교통공사 시키내 마을 법스 운송 상업 조합 등이 참석해 안전 확고 추진 상항 정공과 안전 관리 강화 방안을 함께 모색겠다
p00_u01,p00,mms-1b-all,enc5,0.4714,인난 소이이는 1입 부상 교통공사 신에 말을 법스 은송 사업 조합경이 참석해 안전 사고 추진 상항 경공과 안정 발리 강화방안을 삼께 모색겠다
p00_u01,p00,mms-1b-all,ce0,0.3429,인날 수 이는 시 부상 교통 공사 신에 마을 버스 운송 사업 조합등이 참석해 안전 학고 추진 상항 정공과 안정 관리 강화 방안을 함께 모색겠다
p00_u01,p00,mms-1b-all,ce10,0.3429,인난 회위는 시 부상 교통공사 흰내 마을 버스 은송 상업 조합등이 참석해 안전 삯보 추진 상향 경응과 안정 살리 강화방안을 함께 모색겠다
p00_u01,p00,xlsr-korean,no_se,0.5714,이날 회류는 일 고산 교평계사 네 마을버 음동 사업교학교 삼 사해 안전 사구 표진 사량 발이러니라 안당관리 과양 하안는 상모 소혔다
p00_u01,p00,xlsr-korean,taps,0.1857,임날 회일는 십 부산 교통공사 해 마을버스 운송 사업조합 등이 참석해 안전 확고 추진상한 경동과 안정관리 강화 방안을 함께 모색했다
p00_u01,p00,xlsr-korean,enc5,0.2286,임날 수위는 시 부산 교통공사 시해 마을버스 운송 사업조합 등이 참석해 안전사고 추진 상한 경동과 안정관리 강화 방안을 함께 모색했다
p00_u01,p00,xlsr-korean,ce0,0.2143,임날 회인는 시 부산 교통공사 신해 마을버스 운송 사업조합 등이 참석해 안전 사부 추진 상황 경동과 안정관리 강화 방안을 함께 모색켰다
p00_u01,p00,xlsr-korean,ce10,0.2286,이날 회위는 십 부산 교통공사 해 마을버스 운송 상업교합 등이 삼석해 안전확보 추진 상황 변문과 안정관리 강화방안을 함께 모색했다
p00_u01,p00,whisper-small,taps,0.1857,"이난순위는 시 부산교통공사, 시내 마을버스 운송사업조합 등이 참석해 안전 확고 추진 상황 경공과 안전 관리 강화 방안을 함께 모색했다."
p00_u01,p00,whisper-small,ce10,0.3000,"이난회인은 시 부상교통공사, 시내, 마을버스, 은송, 상업, 조합 등이 참석해 안전 삭보 추진 상황 경건과 안전 관리 강화 방안을 함께 모색했다"
p00_u01,p00,whisper-small,taps_notch,0.2429,"이난순위는 시 부산교통공사, 시내, 마을버스, 운송, 사업조합 등이 참석해 안전 확고 추진 상황 덩공과 안전 관리 강화 방안을 함께 모색했다."
p00_u01,p00,whisper-small,ce10_notch,0.2286,"이난수의 인은 시 부상교통공사, 시내 마을버스 운송사업조합 등이 참석해 안전 확보 추진 상황 경건과 안전 관리 광화방안을 함께 모색했다"
p00_u01,p00,whisper-small,taps_lpf4k,0.2714,"이낯은 이는 시 부상교통공사, 시킨의 마을버스 운송사업교합 등이 참석해 안전 확고 추진 상황 전공과 안전 관리 광화방안을 함께 모색했다."
p00_u01,p00,whisper-small,ce10_lpf4k,0.1571,"이난회의는 시 부상교통공사, 시내 마을버스 운송상업조합 등이 참석해 안전 확보 추진 상황 경건과 안전 관리 강화 방안을 함께 모색했다"
p00_u01,p00,whisper-small,hyb_tapsLow_ceHigh,0.2714,"이낯은 이는 시 부상교통공사, 시내, 마을버스, 운송, 사업조합 등이 참석해 안전 확보 추진 상황 전공과 안전 관리 광화방안을 함께 모색했다."
p00_u01,p00,whisper-small,hyb_ceLow_tapsHigh,0.2000,"이난 수의인은 시 부상교통공사, 시내 마을버스 운송상업조합 등이 참석해 안전 확보 추진 상황 경건과 안전 관리 강화 방안을 함께 모색했다."
p00_u02,p00,mms-1b-all,no_se,0.3548,도시철또는 정원 1기0명인 활찬 찬랑에 백8명의 참생했을 교우 혼작한 상태로 성무원에 관리가 필요하다
p00_u02,p00,mms-1b-all,taps,0.3548,도시출또는 정원120명인 항한 차랑의 18명의 탐승했을 경우 훈잡한 상태로 승무원에 관리가 필요하다
p00_u02,p00,mms-1b-all,enc5,0.3871,도시출또는 경원12명인 상한 차랑의 18명의 탐승했을 경우 분잡한 상태로 승무원에 갈리가 필요하다
p00_u02,p00,mms-1b-all,ce0,0.3710,도시출또는 정원12명인 항한 찬랑의 18명의 탐승했을 경우 훈잡한 상태로 승무원에 관리가 필요하다
p00_u02,p00,mms-1b-all,ce10,0.3226,도시출또는 정원 120명인 항한 찬랑의 18 명의 담승했을 경우 혼잡한 상태로 승무원에 관리가 필요하다
p00_u02,p00,xlsr-korean,no_se,0.3548,독기결도는 병원 백육백명인 한칸 탄나이 백 팔백 양의 탄풍 칸경우 혼잡한 사태로 세무원의 관리가 필요하다
p00_u02,p00,xlsr-korean,taps,0.0968,도시철도는 정원 백 이십 명인 한칸 사나의 백 팔십 명의 삼승했을 경우 혼잡한 상태로 승무원의 관리가 필요하다
p00_u02,p00,xlsr-korean,enc5,0.0806,도시철도는 경원 백 이십 명인 한칸 차량의 백 팔십 명의 상승했을 경우 혼잡한 상태로 승무원의 관리가 필요하다
p00_u02,p00,xlsr-korean,ce0,0.0806,도시철도는 병원 백 이십 명인 한칸 차량의 백 팔십 명이 탐승했을 경우 혼잡한 상태로 승무원는 관리가 필요하다
p00_u02,p00,xlsr-korean,ce10,0.0968,도시철도는 병원 백 이십 명인 한칸 사항에 백 팔십 명의 삼승했을 경우 혼잡한 상태로 승무원의 관리가 필요하다
p00_u02,p00,whisper-small,taps,0.2258,도시철도는 정원 120명인 황칸 차량에 180명이 탐승했을 경우 혼잡한 상태로 승무원의 관리가 필요하다.
p00_u02,p00,whisper-small,ce10,0.3065,도시철도는 경원 120명인 상판 차량에 180명이 탐승했을 경우 혼자 판 상태로 승무원에 관리가 필요하다
p00_u02,p00,whisper-small,taps_notch,0.2258,도시철도는 정원 120명인 황칸 차량에 180명이 탐승했을 경우 혼잡한 상태로 승무원의 관리가 필요하다.
p00_u02,p00,whisper-small,ce10_notch,0.2581,도시촬도는 병원 120명인 상판 차량에 180명이 탐승했을 경우 혼잡한 상태로 승무원의 관리가 필요하다
p00_u02,p00,whisper-small,taps_lpf4k,0.2742,도시철도는 정원 120명인 황칸 차량에 180명이 탐승했을 경우 혼자 판 상태로 승무원의 관리가 필요하다.
p00_u02,p00,whisper-small,ce10_lpf4k,0.2258,도시철도는 정원 120명인 상판 차량에 180명이 탐승했을 경우 혼잡한 상태로 승무원의 관리가 필요하다
p00_u02,p00,whisper-small,hyb_tapsLow_ceHigh,0.2742,도시철도는 정원 120명인 황칸 차량에 180명이 탐승했을 경우 혼자 판 상태로 승무원의 관리가 필요하다.
p00_u02,p00,whisper-small,hyb_ceLow_tapsHigh,0.2258,도시철도는 정원 120명인 항칸 차량에 180명이 탐승했을 경우 혼잡한 상태로 승무원의 관리가 필요하다.
p00_u03,p00,mms-1b-all,no_se,0.2771,구산이시는 출태근시간 체대 생관 손잡조가 120퍼트 4 수준으로 수조거이가 달리 생차에 크의 어려움을 겪지 않는 수준에서 안전하게 관리되고 있다
p00_u03,p00,mms-1b-all,taps,0.1687,부산시는 출태근시간 폐대 순관 혼잡도가 백2퍼 4 수준으로 수족권과 달리 승차의 크게 어려움을 겪지 않는 수준에서 안전하게 관리되고 있다
p00_u03,p00,mms-1b-all,enc5,0.1807,부산시은 출태근시간 표대 순관 혼잡도가 12퍼 내 수준으로 수족권과 달리 승차의 크게 어려움을 겪지 않는 수준에서 안전하게 관리되고 있다
p00_u03,p00,mms-1b-all,ce0,0.2048,부산시은 출태근시간 최제 승관 혼잡도가 백2퍼 4 수준으로 수족권과 달리 승차의 크게 어려움을 겪지 않는 수준해서 안전하게 관리되고 있다
p00_u03,p00,mms-1b-all,ce10,0.1807,부산시는 출태군시간 최대 순간 혼잡도가 120퍼 내외 수준으로 수조공과 달리 승차일 크게 어려움을 겪제 않는 수준해서 안전하게 관리되고 있다
p00_u03,p00,xlsr-korean,no_se,0.3976,본사이시는 푸택양세간 최대 핑간 편납도가 백 이십 퍼센트 액의 필균으도 구속발간 반률 핑타해 코의 어려움을 찾지 않는 필균에서 안단하며 관련되고 있다
p00_u03,p00,xlsr-korean,taps,0.1084,부산시는 출택근 시간 최대 순간 손자도가 백 이십 퍼센트 네외 수준으로 수도권간 달리 승찰이 크기 어려움을 확지 않는 수준에서 안전하게 관리되고 있다
p00_u03,p00,xlsr-korean,enc5,0.0964,부산시는 출택근 시간 최대 순간 환자도가 백 이십 퍼센트 네외 수준으로 수도권간 달리 승찰의 크기 어려움을 겪지 않는 수준에서 안전하게 관리되고 있다
p00_u03,p00,xlsr-korean,ce0,0.0843,부산시는 출택근 시간 최대 순간 환자도가 백 이십 퍼센트 네외 수준으로 수도권과 달리 승찰 크기 어려움을 겪지 않는 수준에서 안전하게 관리되고 있다
p00_u03,p00,xlsr-korean,ce10,0.1687,부산시는 슐택그 시간 최대 순간 훈자보가 백 이십 퍼센트 네외 수준으로 수도공간 달리 승찰 크기 어려움을 겪지 안는 수준에서 안전하게 관련되고 있다
p00_u03,p00,whisper-small,taps,0.1566,부산시는 출퇴근 시간 최대 순간 혼잡도가 120% 내배 수준으로 수족권과 달리 승차의 크게 어려움을 펴지 않는 수준에서 안전하게 관리되고 있다.
p00_u03,p00,whisper-small,ce10,0.1446,부산시는 출 퇴근 시간 최대 순간 혼잡도가 120% 내외 수준으로 수족건과 달리 승차의 크게 어려움을 겪지 않는 수준에서 안전하게 관리되고 있다
p00_u03,p00,whisper-small,taps_notch,0.1566,부산시는 출퇴근 시간 최대 순간 혼잡도가 120% 내배 수준으로 수족권과 달리 승차의 크게 어려움을 펴지 않는 수준에서 안전하게 관리되고 있다.
p00_u03,p00,whisper-small,ce10_notch,0.1205,부산시는 출퇴근 시간 최대 순간 혼잡도가 120% 내외 수준으로 수족권과 달리 승차의 크게 어려움을 겪지 않는 수준에서 안전하게 관리되고 있다
p00_u03,p00,whisper-small,taps_lpf4k,0.1566,부산시는 출퇴근 시간 최대 순간 혼잡도가 120% 내배 수준으로 수족권과 달리 승차의 크게 어려움을 벗지 않는 수준에서 안전하게 관리되고 있다.
p00_u03,p00,whisper-small,ce10_lpf4k,0.1325,부산시는 출퇴근 시간 최대 순간 혼잡도가 120% 내외 수준으로 수족건과 달리 승차의 크게 어려움을 겪지 않는 수준에서 안전하게 관리되고 있다
p00_u03,p00,whisper-small,hyb_tapsLow_ceHigh,0.1446,부산시는 출퇴근 시간 최대 순간 혼잡도가 120% 내배 수준으로 수족권과 달리 승차의 크게 어려움을 겪지 않는 수준에서 안전하게 관리되고 있다.
p00_u03,p00,whisper-small,hyb_ceLow_tapsHigh,0.1446,부산시는 출퇴근 시간 최대 순간 혼잡도가 120% 내외 수준으로 추조권과 달리 승차의 크게 어려움을 겪지 않는 수준에서 안전하게 관리되고 있다.
p00_u04,p00,mms-1b-all,no_se,0.3108,흰는 책은 pts 공역과 같이 은시적으로 흔잡도 상송의 외상되는 행사는 징차 출가 트입 무당차 운행종으로 훈잡도을 해소하기로 했다
p00_u04,p00,mms-1b-all,taps,0.1486,시는 책금 비키에을 공욕과 같이 일시적으로 훈잡도 상승이 예상되는 행사는 빙차 추가 투입 무정차 운행등으로 훈잡도를 해소하기로 했다
p00_u04,p00,mms-1b-all,enc5,0.1622,시는 책금 비키에스 공욕과 같이 일지적으로 훈잡도 상승이 예상되는 행사는 빈차 추가 투일 무정차 운행병으로 훈잡도를 해소하기로 했다
p00_u04,p00,mms-1b-all,ce0,0.1757,시는 책은 비키s 공욕과 같이 밀시적으로 훈잡도 상승이 예상되는 행사는 빈차 추가 트입 무정차 운행등으로 혼잡도를 해서하기로 했다
p00_u04,p00,mms-1b-all,ce10,0.2162,흰는 책은 비키에스 공역과 같치 은시적으로 훈잡도 상숭이 예상되는 행사는 빈차 추가 투입 우정차 운행병으로 훈잡도을 해소하기로 했다
p00_u04,p00,xlsr-korean,no_se,0.4324,그는 최견 북부했프 공명과 같을 육필적으로 혼작도 상을 예할매는 행사는 김파 크가 그 물방탄 은행 병으로 신작법을 훼손하기로 했다
p00_u04,p00,xlsr-korean,taps,0.1486,팀는 최근 빅기했을 공영과 같이 일시적으로 혼자도 상승이 예상되는 행사는 빈차 추가투이 무정차 은행 등으로 혼자도를 해소하기로 했다
p00_u04,p00,xlsr-korean,enc5,0.2027,씨는 최근 빅기했을 공영과 같이 일치적으로 혼작도 상승히 예상되는 행사는 빈차 추가 투이 우정차 은행 등으로 혼작도를 해소하기로 했다
p00_u04,p00,xlsr-korean,ce0,0.2027,이는 최근 빅기했을 공염과 같이 일시적으로 혼자도 상승히 예상되는 행사는 빈찰추가트 무정차 은행 등으로 혼자도를 해소하기로 했다
p00_u04,p00,xlsr-korean,ce10,0.2162,팀는 최근 피피했을 공영과 같이 을수적으로 혼자도 상승입 예상되는 행사는 빈찰추가트입 유병차 운행 등으로 혼잡도를 해소하기로 했다
p00_u04,p00,whisper-small,taps,0.1081,"시는 최근 BTS 공연과 같이 일시적으로 혼잡도 상승이 예상되는 행사는 빈차 추가 투입, 무정차 운행 등으로 혼잡도를 해소하기로 했다."
p00_u04,p00,whisper-small,ce10,0.0946,"시는 최근 BTS 공연과 같이 일시적으로 혼잡도 상승이 예상되는 행사는 빈차 추가 투입, 무정차 운행 등으로 혼잡도를 해소하기로 했다"
p00_u04,p00,whisper-small,taps_notch,0.1351,"시는 최근 BTS 공연과 같이 일시적으로 혼잡도 상승이 예상되는 행사는 빈차 추가 트윗, 무정차 운행 등으로 혼잡도를 해소하기로 했다."
p00_u04,p00,whisper-small,ce10_notch,0.0946,"시는 최근 BTS 공연과 같이 일시적으로 혼잡도 상승이 예상되는 행사는 빈차 추가 투입, 무정차 운행 등으로 혼잡도를 해소하기로 했다"
p00_u04,p00,whisper-small,taps_lpf4k,0.1216,"시는 최근 BTS 공연과 같이 일시적으로 혼잡도 상승이 예상되는 행사는 빙차 추가 투입, 무정차 운행 등으로 혼잡도를 해소하기로 했다."
p00_u04,p00,whisper-small,ce10_lpf4k,0.0946,"시는 최근 BTS 공연과 같이 일시적으로 혼잡도 상승이 예상되는 행사는 빈차 추가 투입, 무정차 운행 등으로 혼잡도를 해소하기로 했다"
p00_u04,p00,whisper-small,hyb_tapsLow_ceHigh,0.1351,"씨는 최근 BTS 공연과 같이 일시적으로 혼잡도 상승이 예상되는 행사는 빙차 추가 투입, 무정차 운행 등으로 혼잡도를 해소하기로 했다."
p00_u04,p00,whisper-small,hyb_ceLow_tapsHigh,0.1081,"씨는 최근 BTS 공연과 같이 일시적으로 혼잡도 상승이 예상되는 행사는 빈차 추가 투입, 무정차 운행 등으로 혼잡도를 해소하기로 했다"
p00_u05,p00,mms-1b-all,no_se,0.4583,또 선제 은냥백구에 있는 부상 교통 종사 은행 관재 선이장 주이 매유월든 발념 매유월을 점면 재험점에 안정관리를 기속적으로 해나갈 방식이다
p00_u05,p00,mms-1b-all,taps,0.3472,또 현제 우역되고 있는 부상 교통 공사 운행 관재의 현장 조치 매유월등 달련 매유월을 점년 제검점에 안정관리를 기속적으로 해나갈 방깁니다
p00_u05,p00,mms-1b-all,enc5,0.3611,또 현재우냥되고 있는 부상 교통 공사 운행 관재의 현장 주이 매유월등 발련 매유월을 점면 제검점에 안정관리를 기속적으로 해나갈 방심니다
p00_u05,p00,mms-1b-all,ce0,0.3750,또 현제 운역되고 있는 부상 교통 공사 운행 관재의 현장 주이 매유월등 발념 매유원을 점년 제검점에 안정관리를 기속적으로 해나갈 방칩니다
p00_u05,p00,mms-1b-all,ce10,0.3611,또 현제은역되고 있는 두상 교통 공사 운행 관제 현장 주치 매유월등 발련 매유월을 점년 재검점에 관정관리를 기속적으로 해나갈 방십니다
p00_u05,p00,xlsr-korean,no_se,0.4583,또 현력 문영되보 있는 고상 교평 통사 논항 관대 한당 극표 메니원 등 관련 맹뉴을 병는 대검점에 안단 관리를 공속적으로 해나가 방등이다
p00_u05,p00,xlsr-korean,taps,0.2222,또 현재 운영되고에 있는 부상 교통 공사 은행 관제 현장 조치 메뉴할 등 관련 메뉴을 전난 재검점에 안전관리를 기속적으로 해나할 방침이다
p00_u05,p00,xlsr-korean,enc5,0.2361,또 현재 운영대구에 있는 부상 교통 공사 은행 관제 현장 조치 메뉴얼 등 관련 메뉴얼을 전면 재검점의 안전 관리를 기속적으로 해나할 방침이다
p00_u05,p00,xlsr-korean,ce0,0.2222,또 현재 운영되고에 있는 부상 교통공사 운행 관제 현장 수치 메뉴얼 등 관련 메뉴원을 전난 재검 점에 안전 관리를 기속적으로 해나할 방침이다
p00_u05,p00,xlsr-korean,ce10,0.3472,또 한재 운영 대부이 있는 부상교품 공사 은행 관제 현장 교치메뉴얼 등 반련 맹뉴주원을 전은 대검점인 안전관리를 기속적으로 해나간 방침이다
p00_u05,p00,whisper-small,taps,0.1944,"또, 현재 운영되고 있는 부상교통공사, 운행관제 현장 조치 메뉴얼 등 관련 메뉴얼을 전면 재검점에 안정관리를 기속적으로 해나갈 방퀴입니다."
p00_u05,p00,whisper-small,ce10,0.1250,"또 현재 운영되고 있는 부상교통공사, 운행관제, 현장조치 메뉴얼 등 관련 메뉴얼을 전면 재검점에 안정관리를 기속적으로 해나갈 방침이다"
p00_u05,p00,whisper-small,taps_notch,0.1667,"또, 현재 운영되고 있는 부상교통공사, 운행관제 현장 두치 메뉴얼 등 관련 메뉴얼을 전면 재검점에 안정관리를 기속적으로 해나갈 방침이다."
p00_u05,p00,whisper-small,ce10_notch,0.1250,"또 현재 운영되고 있는 부상교통공사, 운행관제, 현장조치 매뉴얼 등 관련 매뉴얼을 접는 재검점에 안정관리를 기속적으로 해나갈 방침이다"
p00_u05,p00,whisper-small,taps_lpf4k,0.1389,"또 현재 운영되고 있는 부상교통공사, 운행관제 현장 조치 메뉴얼 등 관련 메뉴얼을 전면 재검점에 안정관리를 기속적으로 해나갈 방침이다."
p00_u05,p00,whisper-small,ce10_lpf4k,0.1389,"또 현재 운영되고 있는 부상교통공사, 운행관제, 현장조치 매뉴얼 등 관련 매뉴얼을 접는 재검점에 안정관리를 기속적으로 해나갈 방침이다."
p00_u05,p00,whisper-small,hyb_tapsLow_ceHigh,0.1389,"또, 현재 운영되고 있는 부상교통공사, 운행관계 현장 조치 매뉴얼 등 관련 매뉴얼을 전면 재검점에 안정관리를 기속적으로 해나갈 방침이다."
p00_u05,p00,whisper-small,hyb_ceLow_tapsHigh,0.1528,"또 현재 운영되고 있는 부상교통공사, 운행관제 현장조치 메뉴얼 등 관련 메뉴얼을 점낸 재검점에 안정관리를 기속적으로 해나갈 방침이다."
p00_u06,p00,mms-1b-all,no_se,0.2703,신의 말을 뻗소는 출책은 시간때 일부 노손을 제외하거는 대부분의 노선이 흔잡도가 나아 선제는 새갇차의 어려우 없이 안전하게 관리되고 있다
p00_u06,p00,mms-1b-all,taps,0.1757,시의 말을법스는 출택은 시간때 일부 노선을 제외하고는 대부분의 노선이 흔잡도가 나자 현제낸 승하차의 어려움 없이 안전하게 관리되고 있다
p00_u06,p00,mms-1b-all,enc5,0.2027,신의 말법스는 출택은 시간때 일부 노선을 제외하고는 대부분의 노선이 훈잡도가 나자 편제낸 승하차의 어려움 없이 안전하게 관리되고 있다
p00_u06,p00,mms-1b-all,ce0,0.1757,시의 마을 법스는 출택은 시간때 일부 노선을 제외하고는 대부분의 노선이 훈잡도가 나자 편제는 승하차의 어려움 없이 안전하게 관리되고 있다
p00_u06,p00,mms-1b-all,ce10,0.2432,흰의 말을법스는 출택은 시간때 일부 노선을 제외알고는 대부분의 노선이 훈잡도가 나자 현제는 순하차의 어려우 없이 안전하격 살리되고 있다
p00_u06,p00,xlsr-korean,no_se,0.3108,일네 마을법도는 출택양 시관에 일부 노선을 대외하거는 대부분의 노선히 혼력도가 마자 현재는 평아해의 어려움없이 안전하 관림되 있다
p00_u06,p00,xlsr-korean,taps,0.1216,시의마을박스는 출택근 시간대 일부 노선을 제외하고는 대부분의 노선히 혼적도가 낮자 현재는 승하차의 어려운없이 안전하게 관리되고 있다
p00_u06,p00,xlsr-korean,enc5,0.1081,시의마을버스는 출택근 시간대 일부 노선을 제외하고는 대부분의 노선히 혼적도가 낮자 현재는 승하차의 어려운없이 안전하게 관리되고 있다
p00_u06,p00,xlsr-korean,ce0,0.1216,시내 마을버스는 출택근 시간대 일부 노선을 제외하고는 대부분의 노선히 혼적도가 낮자 현재는 승하차의 어려운없이 안전하기 관리되고 있다
p00_u06,p00,xlsr-korean,ce10,0.2027,히네마을버스는 출택근 휴간때 일부 노선을 대외하고는 대부분의 노선히 혼자도가 나자 현재는 홍활탄의 어려 없이 안전하게 관리되고 있다
p00_u06,p00,whisper-small,taps,0.0676,시내 마을 버스는 출퇴근 시간대 일부 노선을 제외하고는 대부분의 노선이 혼잡도가 낮아 현재는 승화차의 어려움 없이 안전하게 관리되고 있다.
p00_u06,p00,whisper-small,ce10,0.0811,신의 마을 버스는 출퇴근 시간대 일부 노선을 제외하고는 대부분의 노선이 혼잡도가 낮아 현재는 승화차의 어려움 없이 안전하게 관리되고 있다
p00_u06,p00,whisper-small,taps_notch,0.0676,시내 마을 버스는 출퇴근 시간대 일부 노선을 제외하고는 대부분의 노선이 혼잡도가 낮아 현재는 승화차의 어려움 없이 안전하게 관리되고 있다.
p00_u06,p00,whisper-small,ce10_notch,0.0811,시내 마을 버스는 출퇴근 시간대 일부 노선을 대회하고는 대부분의 노선이 혼잡도가 낮아 현재는 승화차의 어려움 없이 안전하게 관리되고 있다
p00_u06,p00,whisper-small,taps_lpf4k,0.0676,시내 마을 버스는 출퇴근 시간대 일부 노선을 제외하고는 대부분의 노선이 혼잡도가 낮아 현재는 승화차의 어려움 없이 안전하게 관리되고 있다.
p00_u06,p00,whisper-small,ce10_lpf4k,0.0541,시내 마을 버스는 출퇴근 시간대 일부 노선을 제외하고는 대부분의 노선이 혼잡도가 낮아 현재는 승화차의 어려움 없이 안전하게 관리되고 있다
p00_u06,p00,whisper-small,hyb_tapsLow_ceHigh,0.0811,시내 마을 버스는 출퇴근 시간대 일부 노선을 제외하고는 대부분의 노선이 혼접도가 낮아 현재는 승화차의 어려움 없이 안전하게 관리되고 있다.
p00_u06,p00,whisper-small,hyb_ceLow_tapsHigh,0.0676,시내 마을 버스는 출퇴근 시간대 일부 노선을 제외하고는 대부분의 노선이 혼잡도가 낮아 현재는 승화차의 어려움 없이 안전하게 관리되고 있다.
p00_u07,p00,mms-1b-all,no_se,0.3600,앞으로 1는 2023년 사반기 중 하잡택의 의무제를 두입에 버쓰의 제차 이원 정보를 파하해 닥스행 의어낼 실시간 수집할 계획이다
p00_u07,p00,mms-1b-all,taps,0.2667,아으로 시는 2023년 하방기 중 사차택그 의무제를 도입에 버스의 제차 인원 정보를 파학히 8승 인원을 실식간 수집할 계획이다
p00_u07,p00,mms-1b-all,enc5,0.2667,앞으로 시는 2023년 하방기 중 사차택그 의무제를 도입에 버스의 제차 이원 종보를 파학해 탐승 이원을 실시간 수집할 계획이다
p00_u07,p00,mms-1b-all,ce0,0.2800,아으로 시는 2028년 하방기 중 사차택그 의무제를 도입에 뽑쓰의 제차 인원 정보를 파학히 탐승 인원을 실시간 수집할 계획이다
p00_u07,p00,mms-1b-all,ce10,0.2533,아으로 흰는 2023년 하방기 중 사차태그 의무제를 도입에 버스의 제차 인원 정보를 파학히 탐승 인원을 실시간 수집할 계획이다
p00_u07,p00,xlsr-korean,no_se,0.4533,앞으로 피는 이편이십 삼년 하마이 음중 한타페의 의물제를 도입해 버근에 배타유는병모을 파 악해 학부 운원을 출제가 코지판 계획이다
p00_u07,p00,xlsr-korean,taps,0.0933,앞으로 시는 이천 이십 삼 년 하반기 중 사차태의 의무제를 도입해 버스에 제차 인원 정보를 파악해 탑승 인원을 실시간 수십팔 계획이다
p00_u07,p00,xlsr-korean,enc5,0.1200,앞으로 시는 이천 이십 삼 년 하반기 중 사 자택의 의무제를 도입해 버스에 제차 인원 정보를 파악해 탑승 인원을 실시간 수집팔 계획이다
p00_u07,p00,xlsr-korean,ce0,0.1067,앞으로 시는 이천 이십 삼 년 하반기 중 하 차택의 의무제를 도입해 버스에 제차 인원 정보를 파악해 탑승 인원을 실시간 수십팔 계획이다
p00_u07,p00,xlsr-korean,ce10,0.1867,앞으로 히는 이편 이십 삼 년 하반기 중 한타태의 의무기를 도입해 버스에 대차인원 정보를 파악해 합승인원을 실시간 수입판 계획이다
p00_u07,p00,whisper-small,taps,0.1733,앞으로 씨는 2023년 하반기 중 4차 태그 의무제를 도입해 버스 내 제차 인원 정보를 파악해 탑승 인원을 실시간 수집할 계획이다.
p00_u07,p00,whisper-small,ce10,0.1333,앞으로 씨는 2023년 하반기 중 하차태그 의무제를 도입해 버스 내 제차 인원 정보를 파악해 탑승 인원을 실시간 수집할 계획이다
p00_u07,p00,whisper-small,taps_notch,0.1733,앞으로 씨는 2023년 하반기 중 4차 태그 의무제를 도입해 버스 내 제차 인원 정보를 파악해 탑승 인원을 실시간 수집할 계획이다.
p00_u07,p00,whisper-small,ce10_notch,0.1333,앞으로 시는 2023년 하반기 중 하차테그 의무제를 도입해 버스 내 재차 인원 정보를 파악해 합승 인원을 실시간 수집할 계획이다
p00_u07,p00,whisper-small,taps_lpf4k,0.1733,앞으로 씨는 2023년 하반기 중 4차 태그 의무제를 도입해 버스 내 제차 인원 정보를 파악해 탑승 인원을 실시간 수집할 계획이다.
p00_u07,p00,whisper-small,ce10_lpf4k,0.1467,앞으로 신은 2023년 하반기 중 하차테그 의무제를 도입해 버스 내 재차 인원 정보를 파악해 탑승 인원을 실시간 수집할 계획이다
p00_u07,p00,whisper-small,hyb_tapsLow_ceHigh,0.2000,앞으로 씨는 2023년 하반기 중 4차 팩의 의무제를 도입해 버스 내 제차 인원 정보를 파악해 탑승 인원을 실시간 수집할 계획이다.
p00_u07,p00,whisper-small,hyb_ceLow_tapsHigh,0.1733,앞으로 T는 2023년 하반기 중 4차 태그 의무제를 도입해 버스 내 제차 인원 정보를 파악해 탑승 인원을 실시간 수집할 계획이다.
p00_u08,p00,mms-1b-all,no_se,0.3455,일를 통에 뻗은의 혼잡도 정보를 뻗스 정부 안력의 스마훈 드을 통에 위용시는들에게 제공할 계획이다
p00_u08,p00,mms-1b-all,taps,0.1818,이를 통해 버스의 혼잡도 정보를 버스 정보 안내기 쯤마혼등을 통해 이용시민들에게 대공할 계획이다
p00_u08,p00,mms-1b-all,enc5,0.2000,이를 통해 버스의 혼잡도 정보를 버스 정보 안내이 스마혼등을 통해 이용시민드에게 대공할 계획이다
p00_u08,p00,mms-1b-all,ce0,0.2000,일를 통에 버스의 혼잡도 정보를 버스 정보 안내후 쯤마혼 등을 통해 이용시민들에게 제공할 계획이다
p00_u08,p00,mms-1b-all,ce10,0.2545,일를 통해 버스의 혼잡더 정보를 버스 정보 안내귀 트마포등을 통해 위용시민드에게 제공할 계획이다
p00_u08,p00,xlsr-korean,no_se,0.4364,이를 통해 버 답별 병모을 버트 변부 알려주 마폰 변을 통해 우형 생민들에게 병경할 계획이다
p00_u08,p00,xlsr-korean,taps,0.1273,이를 통해 버스는 혼자도 정보를 버스 정부 안내기 스마트폰 등을 통해 이용 시민들에게 대공할 계획이다
p00_u08,p00,xlsr-korean,enc5,0.1273,이를 통해 버스는 혼잡도 정보를 버스 정부 안내이 스마트폰 등을 통해 이용 시민들에게 대공할 계획이다
p00_u08,p00,xlsr-korean,ce0,0.1273,이를 통해 버스는 혼자도 정보를 버스 정부 안내 기 스마트폰 등을 통해 이용 시민들에게 제공할 계획이다
p00_u08,p00,xlsr-korean,ce10,0.1636,이를 통해 버스의 혼자뼈 정보를 버스 정부 안내이 스마트폰 등을 통해 이용 시민들에게 대공할 계획이다
p00_u08,p00,whisper-small,taps,0.1091,"이를 통해 버스 내 혼잡도 정보를, 버스 정보 안내기, 스마트폰 등을 통해 이용 시민들에게 개공할 계획이다."
p00_u08,p00,whisper-small,ce10,0.0364,이를 통해 버스 내 혼잡도 정보를 버스 정보 안내기 스마트폰 등을 통해 이용 시민들에게 제공할 계획이다
p00_u08,p00,whisper-small,taps_notch,0.1455,"이를 통해 버스의 혼잡도 정보를, 버스 정보 안내기, 스마트폰 등을 통해 이용 시민들에게 개공할 계획이다."
p00_u08,p00,whisper-small,ce10_notch,0.0364,이를 통해 버스 내 혼잡도 정보를 버스 정보 안내기 스마트폰 등을 통해 이용 시민들에게 제공할 계획이다
p00_u08,p00,whisper-small,taps_lpf4k,0.0909,"이를 통해 버스 내 혼잡도 정보를, 버스 정보 안내기, 스마트폰 등을 통해 이용 시민들에게 제공할 계획이다."
p00_u08,p00,whisper-small,ce10_lpf4k,0.0364,이를 통해 버스 내 혼잡도 정보를 버스 정보 안내기 스마트폰 등을 통해 이용 시민들에게 제공할 계획이다
p00_u08,p00,whisper-small,hyb_tapsLow_ceHigh,0.1273,"이를 통해 버스의 혼잡도 정보를 버스 정보 안 내기, 스마트폰 등을 통해 이용 시민들에게 제공할 계획이다."
p00_u08,p00,whisper-small,hyb_ceLow_tapsHigh,0.0364,이를 통해 버스 내 혼잡도 정보를 버스 정보 안내기 스마트폰 등을 통해 이용 시민들에게 제공할 계획이다
p00_u09,p00,mms-1b-all,no_se,0.4182,원주이는 식k우 호조면 3열리 실봉체 구원에서 섬갈 자장남무 습 둘레길 계통식을 계체했다
p00_u09,p00,mms-1b-all,taps,0.4000,원주시는 19일5 호조면 3년이 7봉회육 공원에서 섬강 자장남무습 둘레길 계통식을 계체했다
p00_u09,p00,mms-1b-all,enc5,0.4000,원주시는 19일5 호조면 3년이 7봉케육 공원에서 섬강 자장남무수 둘레길 계통식을 계체했다
p00_u09,p00,mms-1b-all,ce0,0.4000,원주시는 19일5 호조면 3년이 7봉폐육 공원에서 섬강 자장남무수 둘레길 계통식을 계체했다
p00_u09,p00,mms-1b-all,ce10,0.4545,원주지는 19일5 호조면 3년리및 7봉폐우 공원에서 섬강 가장남무습 둘렉길 계통식을 계체했다
p00_u09,p00,xlsr-korean,no_se,0.5636,원급핑는 특글 오 호두면 한열리 일본 교 공원에서 평가 가장 나무 급 블랙질 배풍 급여발포했다
p00_u09,p00,xlsr-korean,taps,0.3636,원주지는 십 구 일 오후 호조면 사 년이 칠북 케우공원에서 성강 자장 남나문숙 레키 교통책을 개최했다
p00_u09,p00,xlsr-korean,enc5,0.3091,원주지는 십 구 일 오후 호조면 사 년리 칠본 케우공원에서 성강 사장 나수 레키 개통식을 개최했다
p00_u09,p00,xlsr-korean,ce0,0.3455,원주지는 십 구 일 오후 호조면 사 년이 칠북 케우공원에서 서강 사장 나마수 레키 고통식을 개최했다
p00_u09,p00,xlsr-korean,ce10,0.3818,원주진는 십 구 일 오후 호조면 한년 출본 페육공원에서 서강 가장 나선습 래겐 고통식을 제쇄했다
p00_u09,p00,whisper-small,taps,0.2909,원주시는 19일 오후 호조면 4년이 칠봉쾌유공원에서 섬강자장나무습 둘레길 개통식을 개최했다.
p00_u09,p00,whisper-small,ce10,0.2909,원주진은 19일 오후 호조면 산열리 칠봉태유공원에서 섬강 가장 나무습 둘레길 개통식을 개최했다
p00_u09,p00,whisper-small,taps_notch,0.3455,원주시는 19일 오후호조면 4년이 칠봉쾌유공원에서 섬강자장나무숲둘레길개통직을 개최했다.
p00_u09,p00,whisper-small,ce10_notch,0.2727,원주진은 19일 오후 호조면 산열리 칠봉태유공원에서 섬강 과장나무습 둘레길 개통식을 개최했다
p00_u09,p00,whisper-small,taps_lpf4k,0.3273,원주시는 19일 오후 호조면 4년이 칠봉쾌유공원에서 섬강자장나무숩둘레길개통식을 개최했다.
p00_u09,p00,whisper-small,ce10_lpf4k,0.3091,원주진은 19일 오후 호조면 산열리 실봉태유공원에서 섬강 가장 나무습 둘레길 개통식을 개최했다
p00_u09,p00,whisper-small,hyb_tapsLow_ceHigh,0.3818,원주진은 19일 오후 호조면 4년이 칠봉쾌유공원에서 섬강자장나무숩둘렛길개통식을 개최했다.
p00_u09,p00,whisper-small,hyb_ceLow_tapsHigh,0.3091,원주 씨는 19일 오후 호조면 4년이 칠봉쾌유공원에서 섬강 자장나무숩 둘레길 개통식을 개최했다.
p00_u10,p00,mms-1b-all,no_se,0.3659,인날 계통된 사점5k로m터 기모의 둘렉길은 더척결과 희의 군관을 비롯에 수령 30년 리상의 자장나무가 굴락을 리르고 있는 술등을 받추고 있다
p00_u10,p00,mms-1b-all,taps,0.3415,인할 계통된 사정5k로m터 길모의 둘레길은 대크결과 쉽의 공관을 비롯에 수령30년 이상의 자장나무과 굴락을 이르고 있는 수등을 갖추고 있다
p00_u10,p00,mms-1b-all,enc5,0.3537,이날 계통된 사정5k로m터 길모의 줄레길은 대크결과 시의 군관을 비롯에 수량 30년 이상의 자장나물과 굴락을 이르고 있는 수등을 갖추고 있다
p00_u10,p00,mms-1b-all,ce0,0.3171,위할 계통된 사정5k로m터 준모의 둘레길은 대크결과 쉽의 공관을 비롯에 수령30년 이상의 자장나무가 굴락을 이르고 있는 수 등을 갖추고 있다
p00_u10,p00,mms-1b-all,ce10,0.3415,인할 계통된 사점5km터 규모의 줄레길은 대끗결과 휴의 공관을 비롯에 수령30년 이상의 자장나무가 굴락을 리루고 있는 추등을 가추고 있다
p00_u10,p00,xlsr-korean,no_se,0.4756,이날 개평된 화법 우로림평 규모에 블랙교는 백대 결과 특계 공간을 비롯해  삼십 년 이상 다장 란가 온라을 의료 있는 특 병역 바겨 있다
p00_u10,p00,xlsr-korean,taps,0.2317,이날 계통된 사쩜 오 키로미터 규모의 둘래길은 대크결과 휴계 공간을 비롯해 수영 삼십 년 이상의 자장 나문과 분란을 이우고 있는 숙등을 가추고 있다
p00_u10,p00,xlsr-korean,enc5,0.2073,이날 계통된 사 쩜 오 키로미터 규모의 둘레길은 대크결과 식계 공간을 비롯해 수량 삼십 년 이상의 자장 나문과 분랑을 이우고 있는 수 등을 가추고 있다
p00_u10,p00,xlsr-korean,ce0,0.1951,이날 계통된 사쩜 오 키로미터 규모의 둘레길은 백크결과 수계공간을 비롯해 수영 삼십 년 이상의 자장 나무가 분람을 이우고 있는 웃등을 가추고 있다
p00_u10,p00,xlsr-korean,ce10,0.2805,이날 대통된 사쩜 오 키로민터 규모의 블에길은 택대별과 흉일 공간을 비롯해 수영 삼십 년 이상 사장 나문가 군란을 이우고 있는 습등을 가추고 있다
p00_u10,p00,whisper-small,taps,0.2439,이날 개통된 4.5km 규모의 둘레길은 태크길과 슈게 공간을 비롯해 수령 30년 이상의 자작나무과 굴랑을 이루고 있는 숲 등을 갖추고 있다.
p00_u10,p00,whisper-small,ce10,0.2317,이날 개통된 4.5km 규모의 둘레길은 백극길과 휴게 공간을 비롯해 수령 30년 이상의 자장나무가 굴랑을 이루고 있는 숲 등을 갖추고 있다
p00_u10,p00,whisper-small,taps_notch,0.2317,이날 개통된 4.5km 규모의 둘레길은 태크길과 슈게 공간을 비롯해 수령 30년 이상의 자작나무가 굴랑을 이루고 있는 숲 등을 갖추고 있다.
p00_u10,p00,whisper-small,ce10_notch,0.2195,이날 개통된 4.5km 규모의 둘레길은 대쿡길과 휴게 공간을 비롯해 수령 30년 이상의 자장나무가 굴락을 이루고 있는 숲 등을 갖추고 있다
p00_u10,p00,whisper-small,taps_lpf4k,0.2317,이날 개통된 4.5km 규모의 둘레길은 배크길과 슈게 공간을 비롯해 수령 30년 이상의 자작나무과 군랑을 이루고 있는 숲 등을 갖추고 있다.
p00_u10,p00,whisper-small,ce10_lpf4k,0.2683,이날 개통된 4.5km 규모의 둘레길은 백극길과 수길 공간을 비롯해 수령 30년 이상의 자장나무가 굴랑을 이루고 있는 숲 등을 갖추고 있다.
p00_u10,p00,whisper-small,hyb_tapsLow_ceHigh,0.2317,이날 개통된 4.5km 규모의 둘레길은 배크길과 휴게 공간을 비롯해 수령 30년 이상의 자장나무가 굴랑을 이루고 있는 숲 등을 갖추고 있다.
p00_u10,p00,whisper-small,hyb_ceLow_tapsHigh,0.2683,이날 개통된 4.5km 규모의 둘레길은 태극길과 식의 공간을 비롯해 수령 30년 이상의 자장나무가 굴랑을 이루고 있는 숲 등을 갖추고 있다.
p00_u11,p00,mms-1b-all,no_se,0.3091,실봉 체육 교원에서 출발에 성강을 따아 거는 택격길에는 들판과 장히 여으러진 풍강을 망직할 수 있다
p00_u11,p00,mms-1b-all,taps,0.2545,7봉 체육 교원에서 출발에 성강을 따라 거는 택끗 길에는 들판과 강히 어으러진 풍광을 망기할 수 있다
p00_u11,p00,mms-1b-all,enc5,0.2182,7봉 체육 경원에서 출발에 성강을 따라 거는 택끗길에는 들판과 강이 어으러진 풍광을 망기할 수 있다
p00_u11,p00,mms-1b-all,ce0,0.2364,7봉 체육 경원에서 출발에 성강을 따라 거는 택끗길에는 들판과 강히 어으러진 풍광을 망기할 수 있다
p00_u11,p00,mms-1b-all,ce10,0.2727,7봉 태육 경원에서 출발에 성강을 따라 거는 택끗 길에는 들판과 강히 어으러진 풍광을 망격할 수 있다
p00_u11,p00,xlsr-korean,no_se,0.4182,일본 태극병원에서 출발해 찬가를 따아 받는 태법길에는 급파와 당이 어울러진 풍가을 만기도 있다
p00_u11,p00,xlsr-korean,taps,0.2727,일본체육교원에서 출발해 성당을 따라 걷는 태극기에는 급판과 강이 어울려진 품강을 만끽할 수 있다
p00_u11,p00,xlsr-korean,enc5,0.2545,일본 체육교원에서 출발해 성장을 따라 걷는 태극기에는 급판과 강이 어울려진 품풍강을 만끽할 수 있다
p00_u11,p00,xlsr-korean,ce0,0.2182,일본 체육병원에서 출발해 성당을 따라 걷는 태극길에는 급판과 강이 어울려진 풍강을 만끽할 수 있다
p00_u11,p00,xlsr-korean,ce10,0.2545,일본 태육병원에서 출반해 현강을 따라 받는 태극길에는 불판과 강이 오울러진 풍강을 만끽할 수 있다
p00_u11,p00,whisper-small,taps,0.1818,칠봉체육경원에서 출발해 성강을 따라 걷는 태극길에는 들판과 강이 어우러진 풍강을 망기할 수 있다.
p00_u11,p00,whisper-small,ce10,0.1455,칠봉체육경원에서 출발해 성강을 따라 걷는 태극길에는 들판과 강이 어우러진 풍강을 만족할 수 있다
p00_u11,p00,whisper-small,taps_notch,0.1818,칠봉체육경원에서 출발해 성강을 따라 걷는 태극길에는 들판과 강이 어우러진 풍강을 망기할 수 있다.
p00_u11,p00,whisper-small,ce10_notch,0.1636,칠봉태육경원에서 출발해 성강을 따라 걷는 태극길에는 들판과 강이 어우러진 풍강을 만족할 수 있다
p00_u11,p00,whisper-small,taps_lpf4k,0.1636,칠봉체육경원에서 출발해 성강을 따라 걷는 태극길에는 들판과 강이 어우러진 풍강을 만기할 수 있다.
p00_u11,p00,whisper-small,ce10_lpf4k,0.1636,칠봉체육경원에서 출발해 성강을 따라 걷는 태극길에는 들판과 강이 어우러진 풍강을 만족할 수 있다.
p00_u11,p00,whisper-small,hyb_tapsLow_ceHigh,0.1636,칠봉체육경원에서 출발해 성강을 따라 걷는 태극길에는 들판과 강이 어우러진 풍강을 만기할 수 있다.
p00_u11,p00,whisper-small,hyb_ceLow_tapsHigh,0.1636,칠봉체육경원에서 출발해 성강을 따라 걷는 태극길에는 들판과 강이 어우러진 풍강을 만족할 수 있다.
p00_u12,p00,mms-1b-all,no_se,0.3571,이어 잔남무 습을 지하면 보디어 음빛자태를 뿐내을 자장남의 굴락기 나타난다
p00_u12,p00,mms-1b-all,taps,0.3571,이어 잔남무 수을 지하면 코디어 음픽 자태를 뿐내는 자장남무 굴라기 나타한다
p00_u12,p00,mms-1b-all,enc5,0.4286,이어 잔남은 스을 지하면 고디어 음빛차태를 뿐내는 자장남을 굴라기 나타한다
p00_u12,p00,mms-1b-all,ce0,0.3571,이어 잔남무 스을 지하면 코디어 음픽 자태를 뿐내는 자장남무 굴라기 나타한다
p00_u12,p00,mms-1b-all,ce10,0.3571,이어 잔남무 스을 지하면 고디어 음핍자태를 뿐내는 자장남무 굴락기 나타한다
p00_u12,p00,xlsr-korean,no_se,0.4762,이어 단란을 숲을진나면 고기와 연빛 단태를 꾸 내는 바장한은 곤란이 나해한다
p00_u12,p00,xlsr-korean,taps,0.2857,이어 간남은 숲을 지나면 고기어 음빛 자태를 뿐내는 자장남은 곤란이 나타난다
p00_u12,p00,xlsr-korean,enc5,0.3333,이어 단남은 숲을 지나면 고기역 음빛 자태를 뿐내는 자장 남은 골란이 나타난다
p00_u12,p00,xlsr-korean,ce0,0.3333,이어 단남을 숲을 지나면 고기역 음픽 자태를 뿐내는 자장남은 곤란이 나타난다
p00_u12,p00,xlsr-korean,ce10,0.3810,이어 단나머 숲풀 빛나면 고디역 음핏 사태를 뿐내는 가장남무 곤란이 나타난다
p00_u12,p00,whisper-small,taps,0.2143,이어 잔나무 숲을 지나면 곧 이어 은비차태를 뿐내는 자장나무 굴락이 나타난다.
p00_u12,p00,whisper-small,ce10,0.2143,이어 잔나무 수풀 지나면 곧 이어 은비 차태를 뿐내는 자장나무 굴락이 나타난다
p00_u12,p00,whisper-small,taps_notch,0.2143,이어 잔나무 숲을 지나면 곧 이어 은비차태를 뿐내는 자장나무 굴락이 나타난다.
p00_u12,p00,whisper-small,ce10_notch,0.2857,이어 잔나무 수풀 지나면 고지여 은비차태를 뿐내는 자장나무 굴락이 나타난다
p00_u12,p00,whisper-small,taps_lpf4k,0.2143,이어 잔나무 숲을 지나면 곧 이어 은비차태를 뿐내는 자장나무 굴락이 나타난다.
p00_u12,p00,whisper-small,ce10_lpf4k,0.2857,이어 잔나무 수풀 지나면 고지여 은비차태를 뿐내는 자장나무 굴락이 나타난다
p00_u12,p00,whisper-small,hyb_tapsLow_ceHigh,0.2143,이어 잔나무 숲을 지나면 곧 이어 은비차태를 뿐내는 자장나무 굴락이 나타난다.
p00_u12,p00,whisper-small,hyb_ceLow_tapsHigh,0.2857,이어 잔나무 수풀 지나면 고지여 은비차태를 뿐내는 자장나무 굴락이 나타난다
p00_u13,p00,mms-1b-all,no_se,0.2424,원주시는 관각력들에게 세로운 불거리를 제공하기 위해 성강 자장남무수 불렉길에 자양한 주재의 수을 크가 조성하기로 있다
p00_u13,p00,mms-1b-all,taps,0.2273,원주시는 관강격들에게 세로운 불거리를 계공하기 위해 성광 가장남무습 둘레끼에 다양한 주재의 수을 추가 조성하기로 했다
p00_u13,p00,mms-1b-all,enc5,0.2273,원주시는 광강격들에게 세로운 불거리를 제공하기 위해 청강 가장남무습 둘렉끼에 다양한 주재의 수을 추가 조성하기로 했다
p00_u13,p00,mms-1b-all,ce0,0.2273,원주시는 광광격들에게 세로운 불거리를 세공하기 위해 성광 다장남무습 둘레끼에 다양한 주재의 수을 추가 조성하기로 했다
p00_u13,p00,mms-1b-all,ce10,0.1970,원주시는 광광격들에게 세로운 불거리를 제공하기 위해 성강 다장남으습 둘레길에 다양한 주재의 수을 추가 조성하기로 했다
p00_u13,p00,xlsr-korean,no_se,0.4242,원주태는 관광역 등한게 새로운 골건리를 배공하기 위해 한당 바응나속 볼랙끈에 다양 한 대  프가 교환을하기로 했다
p00_u13,p00,xlsr-korean,taps,0.2273,원주시는 건강객들에게 새로운 홀거리를 대공하기 위해 성강 가장 나무습 돌레끼에 다양한 주제 쇼을 추가 조사하기로 했다
p00_u13,p00,xlsr-korean,enc5,0.1970,원주시는 관광벽들에게 새로운 불거리를 제공하기 위해 성강 가장 나습 돌레끼에 다양한 주제 스을 추가 조성하기로 했다
p00_u13,p00,xlsr-korean,ce0,0.1818,원주진는 관광객들에게 새로운 볼거리를 제공하기 위해 성강 가장 나습 돌레기에 다양한 주제 스을 추가 조성하기로 했다
p00_u13,p00,xlsr-korean,ce10,0.2273,원주지는 관광 객들에게 새로운 골거리를 대공하기 위해 한강 가장 나무습 블렉글에 다양한 주제 스을 추가 조성하기로 했다
p00_u13,p00,whisper-small,taps,0.1061,원주시는 관광객들에게 새로운 볼거리를 대공하기 위해 성강 가장 나무 숲 둘레길의 다양한 주제의 숲을 추가 조성하기로 했다.
p00_u13,p00,whisper-small,ce10,0.1061,원주 씨는 관광객들에게 새로운 볼거리를 제공하기 위해 성강 가장 나무 숲 둘레길의 다양한 주제의 숲을 추가 조성하기로 했다
p00_u13,p00,whisper-small,taps_notch,0.1212,"원주시는 관광객들에게 새로운 볼거리를 대공하기 위해 성강, 가장나무 숲, 둘레길의 다양한 주제의 숲을 추가 조성하기로 했다."
p00_u13,p00,whisper-small,ce10_notch,0.1061,원주 씨는 관광객들에게 새로운 볼거리를 제공하기 위해 성광 가장나무 숲 둘레길의 다양한 주제의 숲을 추가 조성하기로 했다
p00_u13,p00,whisper-small,taps_lpf4k,0.1212,"원주시는 관광객들에게 새로운 볼거리를 대공하기 위해 성강, 가장나무 숲, 둘레길의 다양한 주제의 숲을 추가 조성하기로 했다."
p00_u13,p00,whisper-small,ce10_lpf4k,0.1212,"원주 씨는 관광객들에게 새로운 볼거리를 제공하기 위해 성강, 자장나무 숲, 둘레길의 다양한 주제의 숲을 추가 조성하기로 했다."
p00_u13,p00,whisper-small,hyb_tapsLow_ceHigh,0.1061,"원주시는 관광객들에게 새로운 볼거리를 제공하기 위해 성강, 가장나무 숲, 둘레길의 다양한 주제의 숲을 추가 조성하기로 했다."
p00_u13,p00,whisper-small,hyb_ceLow_tapsHigh,0.1667,"원주 씨는 관광객들에게 새로운 볼거리를 대공하기 위해 성강, 다장나무숲, 둘레길의 다양한 주제의 숲을 추가 조성하기로 했다."
p00_u14,p00,mms-1b-all,no_se,0.3333,원창막 원주시장을 취악산 둘레교 속금산 글랜드 벨리 등과 멸개한 관간 쿠루그움을 의냥하는 반함도 검투하고 있다 또 말했다
p00_u14,p00,mms-1b-all,taps,0.2727,원창막 원주 시장은 피학산 둘렉길 속금 산 그렌드 벨리 등과 영기한 광광 프로그움을 우영하는 방함도 옮토하고 있다고 말했다
p00_u14,p00,mms-1b-all,enc5,0.2273,원창묶 원주시장은 티학산 둘렉길 소금산 그렌드 벨리 등과 영기한 광강 프로그램을 우영하는 방함도 옮토하고 있다고 말했다
p00_u14,p00,mms-1b-all,ce0,0.2121,원창국 원주 시장은 취학산 둘렉길 소금산 그랜드 벨리 등과 영기한 광광 프로그램을 우영하는 방함도 옮토하고 있다고 말했다
p00_u14,p00,mms-1b-all,ce10,0.2576,원창북 원주 시장은 취학산 둘렉길 속금산 그랜드벨리 등과 영기한 광강 프로그램을 우영하는 방함도 옮투하고 있다 고 말했다
p00_u14,p00,xlsr-korean,no_se,0.4242,머다 원주팀자를 희양빵 블랙큐 콘탄 그랜드벨리인이터과 명기 발가 코로그램을 은영하는 방안도 검풍하고 있다고 말했다
p00_u14,p00,xlsr-korean,taps,0.1667,원착문 원주시장은 피약산 둘랙길 소금산 그랜드베리등과 연기양 관광 크로그램을 운영하는 방안도 검토하고 있다고 말했다
p00_u14,p00,xlsr-korean,enc5,0.1667,원창문 원주시장은 기약산 둘랙길 소금산 그랜드베리등과 여기 관광 크로그램을 운영하는 방안도 검토하고 있다고 말했다
p00_u14,p00,xlsr-korean,ce0,0.1818,원창문 원주시장은 취약산 둘랙킷 서금산 그랜드베리등과 여기 관광 프로그램을 운영하는 방안도 검토하고 있다고 말했다
p00_u14,p00,xlsr-korean,ce10,0.2576,원상국 원주수장은 피양산 분랙딜 로금산 그랜드베리 룬과 영기 관광 프로그램을 운영하는 방안도 검토하고 있다 부 말했다
p00_u14,p00,whisper-small,taps,0.1667,"원창목 원주시장은 키약산 둘렛길, 소금산 그랜드벨리 등과 연계한 관광 프로그램을 운영하는 방안도 검토하고 있다, 꼭 말했다."
p00_u14,p00,whisper-small,ce10,0.1364,"원창목 원주시장은 취약산 둘레길, 소금산 그랜드벨리 등과 연계한 관광 프로그램을 운영하는 방안도 검토하고 있다, 또 말했다"
p00_u14,p00,whisper-small,taps_notch,0.1667,"원창목 원주시장은 키약산 둘렛길, 소금산 그랜드벨리 등과 연계한 관광 프로그램을 운영하는 방안도 검토하고 있다, 꼭 말했다."
p00_u14,p00,whisper-small,ce10_notch,0.1818,"원창목 원주시장은 취약산 둘렛길, 소금산 그랜디벨리 등과 연계한 관광 프로그램을 운영하는 방안도 검토하고 있다, 그 말했다."
p00_u14,p00,whisper-small,taps_lpf4k,0.1515,"원창목 원주시장은 치약산 둘레길, 소금산 그랜드벨리 등과 연기한 관광 프로그램을 운영하는 방안도 검토하고 있다, 꼭 말했다."
p00_u14,p00,whisper-small,ce10_lpf4k,0.1667,"원창목 원주시장은 취약산 둘레길, 소금산 그랜디베리 등과 연계한 관광 프로그램을 운영하는 방안도 검토하고 있다, 또 말했다."
p00_u14,p00,whisper-small,hyb_tapsLow_ceHigh,0.1667,"원창무 원주시장은 치약산 둘렛길, 소금산 그랜드벨리 등과 연기한 관광 프로그램을 운영하는 방안도 검토하고 있다, 꼭 말했다."
p00_u14,p00,whisper-small,hyb_ceLow_tapsHigh,0.1515,"원창목 원주시장은 희학산 둘레길, 소금산 그랜드벨리 등과 연계한 관광 프로그램을 운영하는 방안도 검토하고 있다. 그 말했다."
p00_u15,p00,mms-1b-all,no_se,0.4462,앞서 원주시는 지난의 오월 백39점 2k로m터의 달라는 취학산 들렉길 연랑객곳을 전구간을 계통했다
p00_u15,p00,mms-1b-all,taps,0.4615,앞서 원주시는 지난의 오월 백39자 미k로m터의 달라는 찍학산 둘렉길 연랑기코을 정구관을 대통했다
p00_u15,p00,mms-1b-all,enc5,0.4615,앞서 원주지는 지난의 오월 139점2k로m터의 달라는 찍학산 둘렉길 연랑기코스 정구간을 계통했다
p00_u15,p00,mms-1b-all,ce0,0.4923,앞서 원주지는 지난의 오월 139자미k로m터의 달라는 지학산 둘렉길 연랑기코을 정구간을 계통했다
p00_u15,p00,mms-1b-all,ce10,0.4769,앞서 원주시는 지난의 오월 139자미k로m터의 달라는 치학산 둘렉길 연랑기코을 정구관을 계통했다
p00_u15,p00,xlsr-korean,no_se,0.4154,아각 원주팀는 지난해 오 월 백 삼 십 롯단 미킬로니터에 달하는 해약단 블레계 연하경꽃 을 당 구간을 발평했다
p00_u15,p00,xlsr-korean,taps,0.1846,앞서 원주진은 지난해 오 월 백 삼십 구 쩜 미키로미터에 달하는 취약산 블레의 열 한 기코스 전 구간을 개통했다
p00_u15,p00,xlsr-korean,enc5,0.2000,앞서 원주진은 지난해 오 월 백 삼십 구 쩜 미키로미터에 달하는 시약산 블레끼 열 한 개코스 전구간을 계통했다
p00_u15,p00,xlsr-korean,ce0,0.1846,앞서 원주진은 지난해 오 월 백 삼십 구 쩜 미키로미터에 달하는 시약산 블레의 열 한 기코스 전 구간을 개통했다
p00_u15,p00,xlsr-korean,ce10,0.2154,앞서 원주진는 지난해 오 월 백 삼께 구 쩜 미킬로미터에 달하는 시약산 분렉길 열 한 개코스 전구간을 발통했다
p00_u15,p00,whisper-small,taps,0.3385,앞서 원주시는 지난해 5월 139자 미킬로미터에 달하는 지약산 둘렛길 11개 코스 전 구간을 개통했다.
p00_u15,p00,whisper-small,ce10,0.3231,앞서 원주 씨는 지난해 5월 139자 미키로미터에 달하는 치약산 둘넥길 11개 코스 전 구간을 개통했다
p00_u15,p00,whisper-small,taps_notch,0.3846,앞서 원주시는 지난해 5월 139자 2km에 달하는 지약산 둘렛길 11개 코스 전 구간을 개통했다.
p00_u15,p00,whisper-small,ce10_notch,0.3077,앞서 원주시는 지난해 5월 139자 미크로미터에 달하는 지약산 둘레길 11개 코스 전 구간을 개통했다
p00_u15,p00,whisper-small,taps_lpf4k,0.4000,앞서 원주시는 지난해 5월 139.2km에 달하는 지압산 둘렛길 11개 코스 전 구간을 개통했다.
p00_u15,p00,whisper-small,ce10_lpf4k,0.4154,앞서 원주 씨는 지난해 5월 139자 2km에 달하는 시약산 둘넥길 11개 코스 전 구간을 개통했다.
p00_u15,p00,whisper-small,hyb_tapsLow_ceHigh,0.4000,앞서 원주시는 지난해 5월 139.2km에 달하는 지약산 둘렛길 11개 코스 전 구간을 개통했다.
p00_u15,p00,whisper-small,hyb_ceLow_tapsHigh,0.3385,앞서 원주 씨는 지난해 5월 139자 미키로미터에 달하는 지약산 둘레길 11개 코스 전 구간을 개통했다.
p00_u16,p00,mms-1b-all,no_se,0.3000,이는 등산로 색결 인도 부길 외길 마길등 귀존의 길를 연겨하고 태로운 길를 내어 자음은 도부 여행끼리다
p00_u16,p00,mms-1b-all,taps,0.2333,이는 등산로 색길 인도 듣길 옛길 마학길등 기존의 길을 영겨라고 새로운 길을 내어 다음은 도부 여행 끼리다
p00_u16,p00,mms-1b-all,enc5,0.2500,이는 등산로 백길 인노 듣길 옛길 마길등 기존의 길을 영겨라고 새로운 길를 내어 다음은 도보 여행 끼리다
p00_u16,p00,mms-1b-all,ce0,0.2000,이는 등산로 색길 임도 북길 옛길 마학길등 기존의 길을 영겨하고 새로운 지을 내어 다음은 도보 여행 끼리다
p00_u16,p00,mms-1b-all,ce10,0.2667,이는 등산로 백길 임독 북길 옛길 마길등 기존낸 길를 영결하고 채로은 길를 내어 다음은 토보 여행끼리다
p00_u16,p00,xlsr-korean,no_se,0.5000,은는 동 한로 팩을 은동 둑을 을 마흔당 공변에 그을 연변하후 새로운균을 내어 다능면 보부와행글이다
p00_u16,p00,xlsr-korean,taps,0.3000,이는 동상노 책끼 인도 두일 얘릴 마약길 등 기전의 길을 연결하고 새로운 기을 내어 다름은 도부여행끼이다
p00_u16,p00,xlsr-korean,enc5,0.2833,이는 동상노 백일 인도 둑일 얘길 마약길 등 기전에 기을 연결하고 새로운 기을 내어 다름은 도부 여행끼이다
p00_u16,p00,xlsr-korean,ce0,0.2833,이는 동산로 책질 인도 뚝일 얘길 마약길 등 기전에 기을 연결하고 새로운 지을 내어 다름은 도부여행끼이다
p00_u16,p00,xlsr-korean,ce10,0.3667,이는 동상로 핵질 인도 욕일 얘질 마 등 의변에 글을 연결하고 새로운길을 내어 가능은 토부 여행깁이다
p00_u16,p00,whisper-small,taps,0.2667,"있는 등살로, 색길, 인도, 두길, 옛길, 마흑길 등 기존의 길을 연결하고, 새로운 길을 내어 다듬은 도부여행길이다."
p00_u16,p00,whisper-small,ce10,0.1500,"있는 등살로 핵길, 임도, 두길, 옛길, 마을길 등 기존의 길을 연결하고 새로운 길을 내어 다듬은 도보 여행길이다"
p00_u16,p00,whisper-small,taps_notch,0.2667,"있는 등살로, 색길, 인도, 두길, 옛길, 마흑길 등 기존의 길을 연결하고, 새로운 길을 내어 다듬은 도부여행길이다."
p00_u16,p00,whisper-small,ce10_notch,0.1500,"있는 등살로 핵길, 임도, 두길, 옛길, 마을길 등 기존의 길을 연결하고 새로운 길을 내어 다듬은 도보 여행길이다"
p00_u16,p00,whisper-small,taps_lpf4k,0.2500,"있는 등살로, 색길, 인도, 두길, 옛길, 마흑길 등 기존의 길을 연결하고, 새로운 길을 내어 다듬은 도부 여행길이다."
p00_u16,p00,whisper-small,ce10_lpf4k,0.2000,"있는 등살로 핵길, 임도, 두길, 옛길, 마을길 등 기존의 길을 연결하고 새로운 길을 내어 다듬은 도부여행길이다."
p00_u16,p00,whisper-small,hyb_tapsLow_ceHigh,0.2500,"있는 등산로, 색길, 인도, 두길, 옛길, 마흑길 등 기존의 길을 연결하고, 새로운 길을 내어 다듬은 도부여행길이다."
p00_u16,p00,whisper-small,hyb_ceLow_tapsHigh,0.1833,"있는 등살로, 색길, 임도, 두길, 옛길, 마을길 등 기존의 길을 연결하고 새로운 길을 내어 다듬은 도보 여행길이다."
p00_u17,p00,mms-1b-all,no_se,0.4493,흔창군 최육회가 주체하고 흔창군 베드민터 옆패가 주간의 연린 제 11의 순찬 고출 장배의 정국 베드민터배회가 성황리에 말을 내롭다
p00_u17,p00,mms-1b-all,taps,0.4058,순창군 체육회가 주체 하고 순창군 베드민터 옆패가 주간의 연린 대시 1의 순찬 고출장배 정국 베드민터대획가 청황위에 막을 내렸다
p00_u17,p00,mms-1b-all,enc5,0.3768,순창군 체육회가 주체하고 순창군 베드민터 옆패가 주간의 연린 개시 미의 순창 고출장배 정국 베드민터 대획가 성황령에 막을 내렸다
p00_u17,p00,mms-1b-all,ce0,0.3913,순창군 체육회가 주체하고 순창군 베드민터 옆패가 주간의 연린 제시 1 순찬 고출장배 정국 베드민터 대획가 성황위에 막을 내졌다
p00_u17,p00,mms-1b-all,ce10,0.4348,순창군 체육회가 주체 하고 순착군 베드민터 몇패과 주간의 연린 제시 1의 순창 고출장매 정국 베음민터 대회가 청황령에 막을 내렸다
p00_u17,p00,xlsr-korean,no_se,0.5507,출탁문 태이페가 주최하고 출탄금 베둥림탄협회가 분반해 열린 백 급몰에 출탄 고틀장에 점금베응림칸 대회가 상황이에 만을 내렸다
p00_u17,p00,xlsr-korean,taps,0.2899,순창군 체유회가 주최하고 순천군 베르민터협회가 주반에 열린 대십 일 일 순천 고출장배 전국 베드민터대회가 상황리에막을 내렸다
p00_u17,p00,xlsr-korean,enc5,0.3478,순창군 체유결가 주최하고 순천군 베리민턴협회가 주가에 열린 백십 일 일 순천 고주장매 전국 대리민터대회가 상항미에막을 내렸다
p00_u17,p00,xlsr-korean,ce0,0.2319,순창군 체육회가 주최하고 순창군 새드민터협회가 주반에 열린 제십 일 일 순천 고출장배 전국 베드민턴대회가 상황이에막을 내렸다
p00_u17,p00,xlsr-korean,ce10,0.4203,현창군 새롭회가 주퇴하고 신천군 베드민탄여평가 불가능 열린 백 십 일 에 순상 고천장배 전국 베민턴대회과 현망능막을 내렸났다
p00_u17,p00,whisper-small,taps,0.2464,"순창군 체육회가 주최하고, 순창군 배드민턴협회가 주간에 열린 개시 미래 순창 고추장배 전국 배드민턴 대회가 청왕리에 막을 내렸다."
p00_u17,p00,whisper-small,ce10,0.2464,순창군 체육회가 주최하고 순창군 배드민턴 협회가 주간에 열린 개시 미래 순창 고추장배 전국 배드민턴 대회가 성악민의 막을 내렸다
p00_u17,p00,whisper-small,taps_notch,0.2464,"순창군 체육회가 주최하고, 순창군 배드민턴협회가 주간에 열린 게시 미래 순창 고추장배 전국 배드민턴 대회가 청왕리에 막을 내렸다."
p00_u17,p00,whisper-small,ce10_notch,0.2174,순창군 체육회가 주최하고 순창군 배드민턴 협회가 주간에 열린 제12회 순창 고추장배 전국 배드민턴 대회가 성황민의 막을 내렸다
p00_u17,p00,whisper-small,taps_lpf4k,0.2174,순창군 체육회가 주최하고 순창군 배드민턴협회가 주간에 열린 제12회 순창 고추장배 전국 배드민턴 대회가 청왕리에 막을 내렸다.
p00_u17,p00,whisper-small,ce10_lpf4k,0.2319,순창군 체육회가 주최하고 순창군 배드민턴협회가 주간에 열린 대시 미래 순창 고추장배 전국 배드민턴 대회가 성악민의 막을 내렸다
p00_u17,p00,whisper-small,hyb_tapsLow_ceHigh,0.2464,순창군 체육회가 주최하고 순창군 배드민턴협회가 주간에 열린 제12회 순창 고추장배의 전국 배드민턴 대회가 성악민의 막을 내렸다.
p00_u17,p00,whisper-small,hyb_ceLow_tapsHigh,0.2754,"순창군 체육회가 주최하고, 순창군 배드민턴협회가 주간에 열린 게시 미래 순창 고추장배 전국 배드민턴 대회가 청왕민의 막을 내렸다."
p00_u18,p00,mms-1b-all,no_se,0.2989,순상 중민 체육센서등 회개 우장에서 절라북더와 순상군의 후원에 지난 류일부터 이틀동안 열린 대외는 예산보다 많은 일천 여망의 참가의 응기를 실각해 했다
p00_u18,p00,mms-1b-all,taps,0.2529,순창 국민 체육센터등 세계구장에서 절라북또와 순찬군이 후원에 지난 6일부터 이틀동안 열린 대외는 예상보자 많은 1천 여망이 참가에 응기를 실각해 했다
p00_u18,p00,mms-1b-all,enc5,0.2759,순찬 국민 체육센터등 세일구장에서 절라북또와 순찬군이 후원에 지난 6일부터 이틀종안 연린 대회는 예상보자 많은 1천 여망이 참가에 응기를 실각해 했다
p00_u18,p00,mms-1b-all,ce0,0.2874,순찬 국민 체육센터등 세계구장에서 절라북또와 순찬군이 후원에 지난 6일부터 이틀종안 연린대회는 예상보자 많은 1천 여망이 참가에 응기를 실각해 했다
p00_u18,p00,mms-1b-all,ce10,0.3333,순찬 국민 체육센처등 회기구장에서 전라북또와 순찬군이 후원에 귀난 6일부터 2필동안 연린대회는 예상부다 많은 1천 여명 참가에 응개를 실각해 했다
p00_u18,p00,xlsr-korean,no_se,0.4138,출타 국민태극판 등 해균인장에서 단남문동와 순탁이네 후원해 비난 육 일부터 이동안 열린터회는 예상구남 안은 일판 여명의 평가의 응기를 측감해했다
p00_u18,p00,xlsr-korean,taps,0.2069,순천 국민체 육센터 등 세계 무장에서 전라북도와 순천군이 후원에 지난 육 일부터 이틀 동안 열림터에는 예상보자관은 일 천 여명이 참가해 응기를 실감해했다
p00_u18,p00,xlsr-korean,enc5,0.1724,순천 국민체 육센터 등 세계 구장에서 전라북도와 순천군이 후원을 지난 육 일부터 이틀 종안 열린대에는 예상보자 관은 일 천 여명이 참가해 응기를 실감해했다
p00_u18,p00,xlsr-korean,ce0,0.2184,순천 국민체육센터 등 세계 무장에서 전라북도와 순천군이 후원에 지난 육 일부터 이틀 중한 열림세에는 예상보자관은 일 천 여명이 참가해 응기를 실감해했다
p00_u18,p00,xlsr-korean,ce10,0.2414,순상 국민퇴육센터 등 해계무장에서 전라북도와 순상군이 후원해 지난 육 일부터 이을동안 열린대회는 예상보다 많은 일천 여명 찬가의 응비를 실강해했다
p00_u18,p00,whisper-small,taps,0.1494,순창국민체육센터 등 세계구장에서 전라북도와 순창군이 후원해 지난 6일부터 이틀 동안 열린 대회는 예상보자 많은 1천여 명이 참가해 은기를 실광케 했다.
p00_u18,p00,whisper-small,ce10,0.1724,순창 국민체육센터 등 해외구장에서 전라북도와 순창군이 후원해 지난 6일부터 이틀 동안 열린 대회는 예상보다 많은 1천여 명 참가에 은기를 실광케 했다
p00_u18,p00,whisper-small,taps_notch,0.1609,순창국민체육센터 등 세계구장에서 전라북도와 순창군이 후원해 지난 6일부터 이틀동안 열린 대회는 예상보자 많은 1천여 명이 참가해 은기를 실광케 했다.
p00_u18,p00,whisper-small,ce10_notch,0.1494,순창국민체육센터 등 해외구장에서 전라북도와 순창군이 후원해 지난 6일부터 이틀 동안 열린 대회는 예상보다 많은 1천여 명 참가에 은기를 실감케 했다
p00_u18,p00,whisper-small,taps_lpf4k,0.1609,순창국민체육센터 등 세계구장에서 전라북도와 순창군이 후원해 지난 6일부터 이틀동안 열린 대회는 예상보자 많은 1천여 명이 참가해 음기를 실광케 했다.
p00_u18,p00,whisper-small,ce10_lpf4k,0.1724,순창 국민체육센터 등 세계구장에서 전라북도와 순창군이 후원해 지난 6일부터 이틀 동안 열린 대회는 예상보다 많은 1천여 명 참가에 은기를 실광케 했다.
p00_u18,p00,whisper-small,hyb_tapsLow_ceHigh,0.1379,순창국민체육센터 등 세계구장에서 전라북도와 순창군이 후원해 지난 6일부터 이틀 동안 열린 대회는 예상보다 많은 1천여 명이 참가해 음기를 실광케 했다.
p00_u18,p00,whisper-small,hyb_ceLow_tapsHigh,0.1609,순창국민체육센터 등 세계구장에서 전라북도와 순창군이 후원해 지난 6일부터 이틀동안 열린 대회는 예상보자 많은 1천여 명이 참가해 은기를 실광케 했다.
p00_u19,p00,mms-1b-all,no_se,0.3704,특기 창가한 손수는 모두 두의 인으로 열양별 성별 경기 방식겠 따라 7찍개료로 나누 전계가 제향했다
p00_u19,p00,mms-1b-all,taps,0.2963,크기 참가한 손수는 모두 통의인으로 열령별 상별 경기 방식에 따라 친찍개교로 나너 병기가 지행했다
p00_u19,p00,mms-1b-all,enc5,0.2778,끝기 창가한 순수는 모두 통원인으로 열령별 상별 경기 방식에 따라 친식개조로 나너 경기가 지행듣다
p00_u19,p00,mms-1b-all,ce0,0.2593,특히 참가한 손수는 모두 통의인으로 열령별 상별 병기 방식에 따라 친식개조로 나너 병기가 지행졌다
p00_u19,p00,mms-1b-all,ce10,0.2037,특히 참가운 선수는 모두 통원인으로 연령별 성별 경기 방식에 따라 7찍개조로 나너 경기가 지형했다
p00_u19,p00,xlsr-korean,no_se,0.5741,들 탄광 선수는 모든 포우 일나후 면락별 별 병기 발식겠다마 실 빛으로 나는 변교가 태양됐다
p00_u19,p00,xlsr-korean,taps,0.2037,특히 참가 선수는 모두 동모인으로 열량별 상별 경기 방식에 따라 칠십위주로 나는 경계가 진행됐다
p00_u19,p00,xlsr-korean,enc5,0.1667,특히 참가 선수는 모두 동모인으로 열락별 성별 경기 방식에 따라 칠십규주로 나눠 경계가 진행됐다
p00_u19,p00,xlsr-korean,ce0,0.2222,특히 참가 선수는 모두 동모인으로 열락별 삼별 경기 방식에 따라 실십위주로 나는 경계가 진행됐다
p00_u19,p00,xlsr-korean,ce10,0.2037,특히 참감 선수는 모두 동은인으로 열령별 삼별 경비방식에 따라 실십 제주로 나는 경고가 진행됐다
p00_u19,p00,whisper-small,taps,0.2037,"특히 이 참가한 선수는 모두 동원인으로 연령별, 상별, 경기 방식에 따라 친찍개조로 나눠 경기가 진행됐다."
p00_u19,p00,whisper-small,ce10,0.1296,"특히 참가한 선수는 모두 동원인으로 연령별, 성별, 경기 방식에 따라 실집개조로 나눠 경기가 진행됐다"
p00_u19,p00,whisper-small,taps_notch,0.2037,"특히 이 참가한 선수는 모두 동원인으로 연령별, 상별, 경기 방식에 따라 친찍개조로 나눠 경기가 진행됐다."
p00_u19,p00,whisper-small,ce10_notch,0.1296,"특히 참가한 선수는 모두 동의인으로 연령별, 성별, 경기 방식에 따라 실집개조로 나눠 경기가 진행됐다"
p00_u19,p00,whisper-small,taps_lpf4k,0.1852,"특히 이 참가한 선수는 모두 동원인으로 연령별, 성별, 경기 방식에 따라 친찍개조로 나눠 경기가 진행됐다."
p00_u19,p00,whisper-small,ce10_lpf4k,0.1481,"특히 참가한 선수는 모두 동의인으로 연령별, 성별, 경기 방식에 따라 70개조로 나눠 경기가 진행됐다."
p00_u19,p00,whisper-small,hyb_tapsLow_ceHigh,0.1667,"특히 참가한 선수는 모두 동원인으로 연령별, 상별, 경기 방식에 따라 친찍개조로 나눠 경기가 진행됐다."
p00_u19,p00,whisper-small,hyb_ceLow_tapsHigh,0.1481,"특히 참가한 선수는 모두 동의인으로 연령별, 성별, 경기 방식에 따라 70개조로 나눠 경기가 진행됐다."
