asr,cond,n,cer_nopunct,cer_raw
whisper-base,mix0.00,1000,0.2725,0.2941
whisper-base,mix0.25,1000,0.259,0.2791
whisper-base,mix0.50,1000,0.2499,0.2691
whisper-base,mix0.75,1000,0.2453,0.2647
whisper-base,mix1.00,1000,0.2668,0.2854
whisper-base,mix1.25,1000,0.2723,0.29
whisper-base,mix1.50,1000,0.2827,0.2998
whisper-base,taps_lpf3k,1000,0.278,0.2974
whisper-base,taps_lpf4k,1000,0.2724,0.2935
whisper-base,taps_lpf5k,1000,0.2724,0.2944
whisper-base,taps_lpf6k,1000,0.2713,0.2937
whisper-base,taps_lpf7k,1000,0.2712,0.2937
whisper-base,ce_lpf3k,1000,0.2828,0.299
whisper-base,ce_lpf4k,1000,0.2714,0.2874
whisper-base,ce_lpf5k,1000,0.2681,0.2842
whisper-base,ce_lpf6k,1000,0.2648,0.2815
whisper-base,ce_lpf7k,1000,0.2653,0.2823
whisper-base,taps_notch,1000,0.2742,0.2955
whisper-base,ce_notch,1000,0.2768,0.295
whisper-base,hyb_tapsLow_ceHigh,1000,0.2704,0.2913
whisper-base,hyb_ceLow_tapsHigh,1000,0.2566,0.2735
whisper-small,mix0.00,1000,0.2297,0.2514
whisper-small,mix0.25,1000,0.2137,0.2344
whisper-small,mix0.50,1000,0.2001,0.217
whisper-small,mix0.75,1000,0.1935,0.2008
whisper-small,mix1.00,1000,0.1958,0.2001
whisper-small,mix1.25,1000,0.2094,0.2139
whisper-small,mix1.50,1000,0.2185,0.2239
whisper-small,taps_lpf3k,1000,0.2205,0.2431
whisper-small,taps_lpf4k,1000,0.2215,0.2441
whisper-small,taps_lpf5k,1000,0.2241,0.2465
whisper-small,taps_lpf6k,1000,0.2256,0.2483
whisper-small,taps_lpf7k,1000,0.2256,0.2486
whisper-small,ce_lpf3k,1000,0.2045,0.2197
whisper-small,ce_lpf4k,1000,0.2006,0.212
whisper-small,ce_lpf5k,1000,0.1994,0.2074
whisper-small,ce_lpf6k,1000,0.1981,0.2043
whisper-small,ce_lpf7k,1000,0.1973,0.2023
whisper-small,taps_notch,1000,0.2315,0.2535
whisper-small,ce_notch,1000,0.2041,0.2122
whisper-small,hyb_tapsLow_ceHigh,1000,0.2168,0.2387
whisper-small,hyb_ceLow_tapsHigh,1000,0.2012,0.2173
whisper-medium,mix0.00,1000,0.1962,0.2188
whisper-medium,mix0.25,1000,0.1836,0.2056
whisper-medium,mix0.50,1000,0.1733,0.1949
whisper-medium,mix0.75,1000,0.1665,0.1867
whisper-medium,mix1.00,1000,0.1688,0.1885
whisper-medium,mix1.25,1000,0.1749,0.1952
whisper-medium,mix1.50,1000,0.1824,0.2035
whisper-medium,taps_lpf3k,1000,0.1843,0.2073
whisper-medium,taps_lpf4k,1000,0.188,0.2109
whisper-medium,taps_lpf5k,1000,0.1918,0.215
whisper-medium,taps_lpf6k,1000,0.1943,0.2174
whisper-medium,taps_lpf7k,1000,0.1949,0.2182
whisper-medium,ce_lpf3k,1000,0.1694,0.191
whisper-medium,ce_lpf4k,1000,0.1691,0.1905
whisper-medium,ce_lpf5k,1000,0.1685,0.19
whisper-medium,ce_lpf6k,1000,0.1684,0.1896
whisper-medium,ce_lpf7k,1000,0.1678,0.1891
whisper-medium,taps_notch,1000,0.1968,0.2195
whisper-medium,ce_notch,1000,0.1715,0.1927
whisper-medium,hyb_tapsLow_ceHigh,1000,0.1829,0.2055
whisper-medium,hyb_ceLow_tapsHigh,1000,0.1715,0.1926
whisper-ft,mix0.00,1000,0.1462,0.1462
whisper-ft,mix0.25,1000,0.1306,0.1306
whisper-ft,mix0.50,1000,0.1204,0.1204
whisper-ft,mix0.75,1000,0.1147,0.1147
whisper-ft,mix1.00,1000,0.1212,0.1212
whisper-ft,mix1.25,1000,0.1291,0.1291
whisper-ft,mix1.50,1000,0.138,0.138
whisper-ft,taps_lpf3k,1000,0.1371,0.1371
whisper-ft,taps_lpf4k,1000,0.1386,0.1386
whisper-ft,taps_lpf5k,1000,0.1399,0.1399
whisper-ft,taps_lpf6k,1000,0.1421,0.1421
whisper-ft,taps_lpf7k,1000,0.1422,0.1422
whisper-ft,ce_lpf3k,1000,0.1255,0.1255
whisper-ft,ce_lpf4k,1000,0.1225,0.1225
whisper-ft,ce_lpf5k,1000,0.1217,0.1217
whisper-ft,ce_lpf6k,1000,0.1222,0.1222
whisper-ft,ce_lpf7k,1000,0.1212,0.1212
whisper-ft,taps_notch,1000,0.1453,0.1453
whisper-ft,ce_notch,1000,0.1235,0.1235
whisper-ft,hyb_tapsLow_ceHigh,1000,0.1335,0.1335
whisper-ft,hyb_ceLow_tapsHigh,1000,0.1205,0.1205
mms-1b-all,mix0.00,1000,0.3498,0.3499
mms-1b-all,mix0.25,1000,0.3361,0.3361
mms-1b-all,mix0.50,1000,0.3283,0.3285
mms-1b-all,mix0.75,1000,0.3335,0.3336
mms-1b-all,mix1.00,1000,0.3536,0.3537
mms-1b-all,mix1.25,1000,0.3617,0.3619
mms-1b-all,mix1.50,1000,0.3698,0.37
mms-1b-all,taps_lpf3k,1000,0.3516,0.3517
mms-1b-all,taps_lpf4k,1000,0.3498,0.3499
mms-1b-all,taps_lpf5k,1000,0.3493,0.3493
mms-1b-all,taps_lpf6k,1000,0.3493,0.3493
mms-1b-all,taps_lpf7k,1000,0.3496,0.3497
mms-1b-all,ce_lpf3k,1000,0.356,0.3561
mms-1b-all,ce_lpf4k,1000,0.354,0.3541
mms-1b-all,ce_lpf5k,1000,0.352,0.3521
mms-1b-all,ce_lpf6k,1000,0.3517,0.3518
mms-1b-all,ce_lpf7k,1000,0.3517,0.3518
mms-1b-all,taps_notch,1000,0.3507,0.3507
mms-1b-all,ce_notch,1000,0.3571,0.3572
mms-1b-all,hyb_tapsLow_ceHigh,1000,0.3482,0.3483
mms-1b-all,hyb_ceLow_tapsHigh,1000,0.3425,0.3426
xlsr-korean,mix0.00,1000,0.2216,0.2215
xlsr-korean,mix0.25,1000,0.211,0.2109
xlsr-korean,mix0.50,1000,0.213,0.2129
xlsr-korean,mix0.75,1000,0.2309,0.2308
xlsr-korean,mix1.00,1000,0.2787,0.2785
xlsr-korean,mix1.25,1000,0.2824,0.2823
xlsr-korean,mix1.50,1000,0.2888,0.2886
xlsr-korean,taps_lpf3k,1000,0.2896,0.2893
xlsr-korean,taps_lpf4k,1000,0.2566,0.2563
xlsr-korean,taps_lpf5k,1000,0.232,0.2318
xlsr-korean,taps_lpf6k,1000,0.2245,0.2244
xlsr-korean,taps_lpf7k,1000,0.2234,0.2233
xlsr-korean,ce_lpf3k,1000,0.3673,0.3662
xlsr-korean,ce_lpf4k,1000,0.3298,0.3291
xlsr-korean,ce_lpf5k,1000,0.3295,0.3289
xlsr-korean,ce_lpf6k,1000,0.3212,0.3205
xlsr-korean,ce_lpf7k,1000,0.2901,0.2897
xlsr-korean,taps_notch,1000,0.2263,0.2262
xlsr-korean,ce_notch,1000,0.2954,0.2952
xlsr-korean,hyb_tapsLow_ceHigh,1000,0.2379,0.2378
xlsr-korean,hyb_ceLow_tapsHigh,1000,0.2505,0.2503
